Product name,Original Price,Discount,Price After Discount,Ratings
"Xiaomi 14 CIVI (Shadow Black, 256 GB)  (8 GB RAM)","₹54,999",25% off,"₹40,999",4.3
"Xiaomi 14 CIVI (Matcha Green, 256 GB)  (8 GB RAM)","₹54,999",25% off,"₹40,999",4.3
"Xiaomi 14 CIVI (Cruise Blue, 256 GB)  (8 GB RAM)","₹54,999",25% off,"₹40,999",4.3
"Xiaomi 14 CIVI (Panda White, 512 GB)  (12 GB RAM)","₹59,999",21% off,"₹46,999",4.3
"Xiaomi 14 CIVI (Shadow Black, 512 GB)  (12 GB RAM)","₹59,999",23% off,"₹45,999",4.3
"Xiaomi 14 CIVI (Matcha Green, 512 GB)  (12 GB RAM)","₹59,999",23% off,"₹45,999",4.3
"Mi 11 Lite (Vinyl Black, 128 GB)  (8 GB RAM)","₹25,999",52% off,"₹12,465",4.2
"Xiaomi 11T Pro 5G Hyperphone (Moonlight White, 256 GB)  (12 GB RAM)","₹54,999",53% off,"₹25,493",4.1
"Xiaomi 14 CIVI (Aqua Blue, 512 GB)  (12 GB RAM)","₹59,999",21% off,"₹46,999",4.3
"Xiaomi 11T Pro 5G Hyperphone (Moonlight White, 128 GB)  (8 GB RAM)","₹49,999",52% off,"₹23,990",4
"Xiaomi 14 CIVI (Cruise Blue, 512 GB)  (12 GB RAM)","₹59,999",23% off,"₹45,999",4.3
"Xiaomi 14 CIVI (Hot Pink, 512 GB)  (12 GB RAM)","₹59,999",21% off,"₹46,999",4.3
"Xiaomi 11T Pro 5G Hyperphone (Celestial Magic, 128 GB)  (8 GB RAM)","₹50,584",59% off,"₹20,500",4
"REDMI NOTE 10 LITE (Glacier White, 128 GB)  (4 GB RAM)","₹17,999",33% off,"₹11,999",4.2
"Redmi Note 5 (Rose Gold, 32 GB)  (3 GB RAM)","₹10,999",27% off,"₹7,937",4.4
"Redmi 9A Sport (Coral Green, 32 GB)  (3 GB RAM)","₹9,499",5% off,"₹8,999",4.2
"Mi 11 Lite (Vinyl Black, 128 GB)  (6 GB RAM)","₹24,999",46% off,"₹13,479",4.2
"Mi 10T (Cosmic Black, 128 GB)  (8 GB RAM)","₹42,999",44% off,"₹23,990",4.1
"Redmi 9A Sport (Carbon Black, 32 GB)  (2 GB RAM)",N/A,N/A,"₹8,499",4.1
"Redmi 9A Sport (Coral Green, 32 GB)  (2 GB RAM)","₹8,499",14% off,"₹7,280",4.1
"Redmi 9A Sport (Metallic Blue, 32 GB)  (3 GB RAM)","₹9,499",5% off,"₹8,999",4.2
"Xiaomi 14 (Black, 512 GB)  (12 GB RAM)","₹79,999",25% off,"₹59,999",4.5
"Xiaomi 11T Pro 5G Hyperphone (Meteorite Black, 128 GB)  (8 GB RAM)","₹43,999",44% off,"₹24,439",4
"Mi 11 Lite (Tuscany Coral, 128 GB)  (6 GB RAM)","₹24,999",36% off,"₹15,990",4.2
"Xiaomi 14 CIVI (Aqua Blue, 512 GB)  (12 GB RAM)","₹59,999",21% off,"₹46,999",4.3
"12 (Silver, 128 GB)  (6 GB RAM)","₹15,999",30% off,"₹11,180",4
"Redmi 10 Prime (Phantom Black, 64 GB)  (4 GB RAM)","₹13,999",28% off,"₹9,990",4.1
"Xiaomi 11i 5G (Purple Mist, 128 GB)  (8 GB RAM)","₹31,999",15% off,"₹26,999",4.2
"12 (Black, 128 GB)  (6 GB RAM)","₹12,999",13% off,"₹11,290",4
"REDMI Note 11 Pro (Star Blue, 128 GB)  (8 GB RAM)",N/A,N/A,"₹24,999",4.1
"Mi 10T (Cosmic Black, 128 GB)  (6 GB RAM)","₹39,999",50% off,"₹19,890",4.2
"Mi 11X (Lunar White, 128 GB)  (8 GB RAM)","₹34,999",37% off,"₹21,990",4.2
"Xiaomi 11T Pro 5G Hyperphone (Meteorite Black, 256 GB)  (12 GB RAM)","₹54,999",50% off,"₹27,470",4.1
"Redmi 9A (Nature Green, 32 GB)  (3 GB RAM)","₹9,499",13% off,"₹8,199",4.3
"REDMI Note 11 Pro (Stealth Black, 128 GB)  (8 GB RAM)","₹24,999",28% off,"₹17,999",4.1
"Mi 11X (Celestial Silver, 128 GB)  (8 GB RAM)","₹34,999",35% off,"₹22,499",4.2
"REDMI Note 10 lite (Glacier White, 64 GB)  (4 GB RAM)","₹16,999",14% off,"₹14,499",4.2
"Xiaomi 11Lite NE (Jazz Blue, 128 GB)  (8 GB RAM)","₹29,999",20% off,"₹23,999",4.3
"Redmi Note 7 Pro (Blue, 64 GB)  (4 GB RAM)","₹15,999",40% off,"₹9,599",4.5
"Mi 11X (Celestial Silver, 128 GB)  (6 GB RAM)","₹34,999",34% off,"₹22,999",4.2
"REDMI NOTE 10 LITE (Glacier White, 128 GB)  (4 GB RAM)","₹17,999",12% off,"₹15,790",4.2
"Xiaomi 11i 5G (Camo Green, 128 GB)  (6 GB RAM)","₹29,999",31% off,"₹20,699",4.2
"Xiaomi 11Lite NE (Vinyl Black, 128 GB)  (8 GB RAM)","₹33,999",32% off,"₹22,999",4.3
"Redmi 9 (Carbon Black, 64 GB)  (4 GB RAM)",N/A,10% off,"₹10,999",4.3
"Mi 11X Pro 5G (Celestial Silver, 128 GB)  (8 GB RAM)","₹39,558",30% off,"₹27,650",4
"Xiaomi 11Lite NE (Jazz Blue, 128 GB)  (8 GB RAM)","₹33,999",29% off,"₹23,999",4.3
"Redmi 5A (Gold, 16 GB)  (2 GB RAM)","₹6,499",7% off,"₹5,999",4.5
"Xiaomi 11i Hypercharge 5G (Purple Mist, 128 GB)  (6 GB RAM)","₹31,999",41% off,"₹18,650",4.2
"REDMI Note 11 Pro (Star blue, 128 GB)  (6 GB RAM)","₹22,999",13% off,"₹19,999",4.2
"REDMI Note 11 Pro (Phantom White, 128 GB)  (6 GB RAM)","₹22,999",20% off,"₹18,336",4.2
"Mi 10T (Cosmic Black, 128 GB)  (8 GB RAM)","₹42,999",46% off,"₹22,900",4.1
"Redmi K20 (Flame Red, 64 GB)  (6 GB RAM)",N/A,23% off,"₹22,999",4.5
"Xiaomi 11i 5G (Purple Mist, 128 GB)  (6 GB RAM)","₹29,999",16% off,"₹24,999",4.2
"Redmi K20 Pro (Glacier Blue, 128 GB)  (6 GB RAM)",N/A,20% off,"₹28,999",4.5
"Xiaomi 12 Pro 5G (Noir Black, 256 GB)  (12 GB RAM)",N/A,20% off,"₹84,999",4.1
"Redmi 6 (Rose Gold, 32 GB)  (3 GB RAM)",N/A,50% off,"₹8,999",4.4
"Mi 11 Lite (Jazz Blue, 128 GB)  (6 GB RAM)","₹24,999",44% off,"₹13,890",4.2
"Redmi K20 Pro (Carbon Black, 128 GB)  (6 GB RAM)",N/A,20% off,"₹28,999",4.5
"Xiaomi 11T Pro 5G Hyperphone (Celestial Magic, 256 GB)  (8 GB RAM)","₹52,999",54% off,"₹23,990",4
"Xiaomi 11i 5G (Stealth Black, 128 GB)  (8 GB RAM)","₹31,999",15% off,"₹26,999",4.2
"Xiaomi 11T Pro 5G Hyperphone (Celestial Magic, 256 GB)  (12 GB RAM)","₹54,999",34% off,"₹35,991",4.1
"Note 11 PRO Plus 5G (Stealth Black, 256 GB)  (8 GB RAM)",N/A,N/A,"₹28,999",4.1
"Redmi 9A (Nature Green, 32 GB)  (2 GB RAM)",N/A,N/A,"₹8,499",4.3
"Redmi 6 (Black, 64 GB)  (3 GB RAM)",N/A,N/A,"₹10,499",4.4
"Mi A2 (Blue/Lake Blue, 64 GB)  (4 GB RAM)",N/A,N/A,"₹17,499",4.2
"Mi A3 (Not just Blue, 64 GB)  (4 GB RAM)",N/A,55% off,"₹14,999",4.3
"Mi A2 (Lake Blue, 128 GB)  (6 GB RAM)",N/A,N/A,"₹20,500",4.1
"Redmi Y2 (Gold, 32 GB)  (3 GB RAM)",N/A,N/A,"₹10,499",4.5
"Redmi 8 (Ruby Red, 64 GB)  (4 GB RAM)",N/A,62% off,"₹10,999",4.4
"Redmi Note 7 (Sapphire Blue, 64 GB)  (4 GB RAM)","₹14,999",30% off,"₹10,490",4.5
"Mi 11X (Cosmic Black, 128 GB)  (6 GB RAM)","₹33,999",38% off,"₹20,890",4.2
"Xiaomi 11i 5G (Stealth Black, 128 GB)  (6 GB RAM)","₹29,999",33% off,"₹19,990",4.2
"Xiaomi 14 Ultra (Black, 512 GB)  (16 GB RAM)","₹1,19,999",16% off,"₹99,999",4.5
"Mi 10T Pro (Cosmic Black, 128 GB)  (8 GB RAM)","₹47,999",50% off,"₹23,990",4.2
"Redmi Note 11 PRO Plus 5G (Stealth Black, 128 GB)  (6 GB RAM)","₹24,999",20% off,"₹19,999",4.2
"Redmi 8A Dual (Midnight Grey, 64 GB)  (3 GB RAM)",N/A,1% off,"₹8,830",4.2
"Redmi 8 (Emerald Green, 64 GB)  (4 GB RAM)","₹10,999",N/A,"₹10,990",4.4
"Redmi 8A Dual (Sky White, 32 GB)  (3 GB RAM)",N/A,50% off,"₹8,999",4.2
"11 Lite NE (Jazz Blue, 128 GB)  (8 GB RAM)","₹31,999",28% off,"₹22,999",4.1
"Redmi Note 5 Pro (Gold, 64 GB)  (6 GB RAM)",N/A,30% off,"₹16,999",4.5
"(Refurbished) Mi 11 Lite NE (Jazz Blue, 128 GB)  (6 GB RAM)","₹25,000",45% off,"₹13,599",3.5
"Redmi 7A (Matte Black, 32 GB)  (2 GB RAM)","₹7,499",14% off,"₹6,390",4.3
"Redmi 7A (Matte Blue, 32 GB)  (2 GB RAM)","₹7,494",13% off,"₹6,500",4.3
"Redmi 6A (Gold, 16 GB)  (2 GB RAM)",N/A,N/A,"₹6,490",4.3
"Xiaomi 14 (White, 512 GB)  (12 GB RAM)","₹79,999",25% off,"₹59,999",4.5
"Xiaomi 14 (Jade Green, 512 GB)  (12 GB RAM)","₹79,999",25% off,"₹59,999",4.5
"Redmi 10 Prime (Astral White, 64 GB)  (4 GB RAM)","₹14,999",33% off,"₹9,990",4.1
"Xiaomi 11T Pro 5G Hyperphone (Meteorite Black, 256 GB)  (8 GB RAM)","₹49,999",56% off,"₹21,990",4
"Redmi 7A (Matte Black, 16 GB)  (2 GB RAM)","₹7,490",16% off,"₹6,250",4.3
"Mi 11 Lite (Tuscany Coral, 128 GB)  (8 GB RAM)","₹25,999",7% off,"₹23,999",4.2
"Redmi 7A (Matte Gold, 32 GB)  (2 GB RAM)",N/A,64% off,"₹6,999",4.3
"Redmi 9A Sport (Metallic Blue, 32 GB)  (2 GB RAM)","₹8,499",15% off,"₹7,221",4.1
"Redmi 9A Sport (Carbon Black, 32 GB)  (3 GB RAM)","₹9,499",23% off,"₹7,240",4.2
"Redmi Note 4 (Gold, 32 GB)  (3 GB RAM)","₹10,999",3% off,"₹10,649",4.4
"Redmi 6A (Rose Gold, 32 GB)  (2 GB RAM)","₹8,000",22% off,"₹6,190",4.3
"Redmi Note 5 (Gold, 32 GB)  (3 GB RAM)",N/A,62% off,"₹10,999",4.4
"Redmi 5A (Rose Gold, 16 GB)  (2 GB RAM)",N/A,64% off,"₹5,999",4.5
"Redmi 5A (Grey, 16 GB)  (2 GB RAM)","₹6,499",7% off,"₹5,999",4.5
"Redmi 5A (Rose Gold, 32 GB)  (3 GB RAM)",N/A,64% off,"₹6,999",4.4
"Redmi 5A (Grey, 32 GB)  (3 GB RAM)",N/A,64% off,"₹6,999",4.4
"Redmi 5A (Blue, 32 GB)  (3 GB RAM)",N/A,64% off,"₹6,999",4.4
"Redmi 9A (SeaBlue, 32 GB)  (2 GB RAM)","₹8,499",23% off,"₹6,499",4.3
"Redmi Go (Blue, 8 GB)  (1 GB RAM)",N/A,64% off,"₹5,999",4.3
"Xiaomi 11Lite NE (Tuscany Coral, 128 GB)  (8 GB RAM)","₹26,500",13% off,"₹22,800",4.3
"Xiaomi 11Lite NE (Tuscany Coral, 128 GB)  (6 GB RAM)","₹31,999",31% off,"₹21,980",4.2
"Redmi 9 (Sporty Orange, 64 GB)  (4 GB RAM)","₹10,999",22% off,"₹8,499",4.3
"REDMI 10A (CHARCOAL BLACK, 128 GB)  (6 GB RAM)","₹14,999",41% off,"₹8,808",4.2
"Xiaomi 11Lite NE (Vinyl Black, 128 GB)  (6 GB RAM)","₹31,999",34% off,"₹20,999",4.2
"Redmi 9A (Sea Blue, 32 GB)  (3 GB RAM)","₹9,499",23% off,"₹7,290",4.3
"Redmi 9A (Midnight Black, 32 GB)  (3 GB RAM)","₹9,499",25% off,"₹7,079",4.3
"Redmi K20 (Flame Red, 128 GB)  (6 GB RAM)",N/A,23% off,"₹24,999",4.5
"Mi 11x Pro 5G (Lunar White, 256 GB)  (8 GB RAM)","₹43,000",2% off,"₹41,999",4
"Xiaomi 11i 5G (Camo Green, 128 GB)  (6 GB RAM)","₹29,999",16% off,"₹24,999",4.2
"Redmi 9A (Nature Green, 32 GB)  (2 GB RAM)","₹8,499",14% off,"₹7,280",4.3
"Redmi 9A (Midnight Black, 32 GB)  (2 GB RAM)","₹8,499",23% off,"₹6,499",4.3
"Xiaomi 11Lite NE (Vinyl Black, 128 GB)  (8 GB RAM)","₹33,999",44% off,"₹18,999",4.3
"Redmi Go (Blue, 16 GB)  (1 GB RAM)",N/A,64% off,"₹5,999",4.3
"Redmi 4A (Dark Grey, 32 GB)  (3 GB RAM)",N/A,64% off,"₹6,999",4.4
"Redmi Note 5 (Black, 64 GB)  (4 GB RAM)","₹11,999",22% off,"₹9,309",4.4
"Mi 11X Pro 5G (Cosmic Black, 256 GB)  (8 GB RAM)","₹39,999",22% off,"₹30,980",4
"Mi 11X Pro 5G (Lunar White, 128 GB)  (8 GB RAM)","₹47,999",46% off,"₹25,499",4
"Redmi 4A (Dark Grey, 32 GB)  (3 GB RAM)",N/A,64% off,"₹6,999",4.4
"Redmi Note 5 (Black, 64 GB)  (4 GB RAM)","₹11,999",22% off,"₹9,309",4.4
"Mi 11X Pro 5G (Cosmic Black, 256 GB)  (8 GB RAM)","₹39,999",22% off,"₹30,980",4
"Redmi 10 Prime (Bifrost Blue, 64 GB)  (4 GB RAM)","₹14,999",26% off,"₹10,999",4.1
"Redmi 7A (Matte Blue, 16 GB)  (2 GB RAM)",N/A,64% off,"₹6,499",4.3
"Mi A1 (Gold, 64 GB)  (4 GB RAM)","₹14,999",2% off,"₹14,599",4.4
"Xiaomi 12 Pro 5G (Couture Blue, 256 GB)  (12 GB RAM)","₹84,999",44% off,"₹46,990",4.1
"Redmi 3S (Gold, 16 GB)  (2 GB RAM)",N/A,64% off,"₹6,999",4.3
"REDMI Note 11T 5G (Stardust White, 64 GB)  (6 GB RAM)","₹18,999",14% off,"₹16,281",4.2
"Mi 11x Pro 5G (Lunar White, 256 GB)  (8 GB RAM)","₹43,000",2% off,"₹41,999",4
"REDMI Note 11T 5G (Stardust White, 128 GB)  (8 GB RAM)","₹22,999",17% off,"₹18,949",4.2
"REDMI Note 11T 5G (Matte black, 64 GB)  (6 GB RAM)",N/A,N/A,"₹15,997",4.2
"Xiaomi 11i Hypercharge 5G (Pacific Pearl, 128 GB)  (6 GB RAM)","₹31,999",15% off,"₹26,999",4.2
"Mi 11X Pro 5G (Lunar White, 256 GB)  (8 GB RAM)",N/A,N/A,"₹34,999",4
"Mi 11X Pro 5G (Celestial Silver, 256 GB)  (8 GB RAM)",N/A,N/A,"₹34,999",4
"Redmi Note 7 Pro (Moonlight White, 128 GB)  (6 GB RAM)",N/A,33% off,"₹17,999",4.5
"Mi 11X (Cosmic Black, 128 GB)  (8 GB RAM)","₹34,999",31% off,"₹23,999",4.2
"Mi 11X (Cosmic Black, 128 GB)  (8 GB RAM)","₹34,999",37% off,"₹21,999",4.2
"Redmi Note 7 Pro (Space Black, 64 GB)  (4 GB RAM)",N/A,30% off,"₹15,999",4.5
"Redmi 4A (Gold, 32 GB)  (3 GB RAM)",N/A,64% off,"₹6,999",4.4
"Redmi Note 5 Pro (Black, 64 GB)  (6 GB RAM)",N/A,30% off,"₹16,999",4.5
"Mi 11X Pro 5G (Celestial Silver, 128 GB)  (8 GB RAM)","₹39,999",28% off,"₹28,429",4
"Redmi K20 Pro (Flame Red, 128 GB)  (6 GB RAM)",N/A,20% off,"₹28,999",4.5
"Redmi K20 Pro (Carbon Black, 256 GB)  (8 GB RAM)",N/A,22% off,"₹31,999",4.5
"REDMI 10 Power (Power Black, 128 GB)  (8 GB RAM)","₹18,999",48% off,"₹9,848",4.2
"REDMI Note 11 Pro (Star Blue, 128 GB)  (8 GB RAM)","₹24,999",32% off,"₹16,919",4.1
"Redmi Go (Black, 16 GB)  (1 GB RAM)",N/A,64% off,"₹5,999",4.3
"Redmi Note 7 (Sapphire Blue, 32 GB)  (3 GB RAM)",N/A,55% off,"₹12,999",4.4
"Redmi K20 (Carbon Black, 128 GB)  (6 GB RAM)",N/A,23% off,"₹24,999",4.5
"Mi 10i (Pacific Sunrise, 128 GB)  (6 GB RAM)","₹24,999",27% off,"₹18,190",4.3
"Mi A1 (Rose Gold, 64 GB)  (4 GB RAM)",N/A,55% off,"₹14,999",4.4
"Redmi 8A (Ocean Blue, 32 GB)  (2 GB RAM)",N/A,50% off,"₹7,999",4.4
"Redmi Note 4 (Black, 32 GB)  (3 GB RAM)","₹10,999",3% off,"₹10,649",4.4
"Redmi Note 4 (Dark Grey, 32 GB)  (3 GB RAM)","₹10,999",3% off,"₹10,649",4.4
"Redmi Note 5 (Black, 32 GB)  (3 GB RAM)",N/A,62% off,"₹10,999",4.4
"Mi 10i (Atlantic Blue, 128 GB)  (8 GB RAM)","₹26,999",28% off,"₹19,390",4.3
"Xiaomi 11i 5G (Pacific Pearl, 128 GB)  (8 GB RAM)","₹31,999",15% off,"₹26,999",4.2
"Redmi 10 Prime (Astral White, 128 GB)  (6 GB RAM)","₹16,999",27% off,"₹12,331",4.2
"Xiaomi 11Lite NE (Tuscany Coral, 128 GB)  (6 GB RAM)","₹31,999",N/A,"₹31,900",4.2
"Redmi Note 6 Pro (Black, 64 GB)  (6 GB RAM)",N/A,33% off,"₹17,999",4.5
"Redmi Note 7S (Ruby Red, 32 GB)  (3 GB RAM)",N/A,62% off,"₹11,999",4.4
"Redmi Note 6 Pro (Blue, 64 GB)  (4 GB RAM)",N/A,30% off,"₹15,999",4.5
"Mi 10i (Midnight Black, 128 GB)  (6 GB RAM)","₹24,999",28% off,"₹17,970",4.3
"Mi 10i (Atlantic Blue, 128 GB)  (6 GB RAM)","₹24,999",28% off,"₹17,987",4.3
"Mi 10i (Pacific Sunrise, 128 GB)  (8 GB RAM)",N/A,N/A,"₹25,429",4.3
"Redmi Note 7S (Astro Moonlight White, 32 GB)  (3 GB RAM)",N/A,62% off,"₹11,999",4.4
"Xiaomi 11Lite NE (Diamond Dazzle, 128 GB)  (6 GB RAM)","₹31,999",37% off,"₹19,990",4.2
"Xiaomi 12 Pro 5G (Couture Blue, 256 GB)  (8 GB RAM)",N/A,20% off,"₹79,999",4.1
"Xiaomi 11Lite NE (Diamond Dazzle, 256 GB)  (8 GB RAM)","₹42,999",N/A,"₹42,990",4.3
"Xiaomi 11Lite NE (Diamond Dazzle, 128 GB)  (6 GB RAM)","₹31,999",N/A,"₹31,900",4.2
"Note 11 PRO Plus 5G (Stealth Black, 256 GB)  (8 GB RAM)","₹28,999",17% off,"₹23,999",4.1
"Redmi 6 (Rose Gold, 64 GB)  (3 GB RAM)",N/A,62% off,"₹10,499",4.4
"Redmi Note 7S (Onyx Black, 64 GB)  (4 GB RAM)","₹13,999",39% off,"₹8,500",4.4
"REDMI Note 11T 5G (Aquamarine Blue, 64 GB)  (6 GB RAM)","₹19,999",17% off,"₹16,464",4.2
"Redmi 6A (Gold, 32 GB)  (2 GB RAM)","₹7,997",24% off,"₹5,999",4.3
"Redmi 8A Dual (Sea Blue, 64 GB)  (3 GB RAM)",N/A,N/A,"₹9,999",4.2
"Redmi 6 (Blue, 64 GB)  (3 GB RAM)",N/A,62% off,"₹10,499",4.4
"Mi A2 (Gold, 64 GB)  (4 GB RAM)",N/A,30% off,"₹17,499",4.2
"Redmi Note 8 (Neptune Blue, 64 GB)  (4 GB RAM)",N/A,55% off,"₹12,999",4.4
"REDMI Note 11T 5G (Matte black, 128 GB)  (6 GB RAM)","₹20,999",30% off,"₹14,599",4.2
"Xiaomi 11Lite NE (Tuscany Coral, 128 GB)  (8 GB RAM)","₹40,999",39% off,"₹24,989",4.3
"Xiaomi 11Lite NE (Vinyl Black, 256 GB)  (8 GB RAM)",N/A,N/A,"₹33,999",4.3
"Xiaomi 12 Pro 5G (Noir Black, 256 GB)  (8 GB RAM)","₹79,999",52% off,"₹37,999",4.1
"Xiaomi 11i 5G (Camo Green, 128 GB)  (8 GB RAM)","₹31,999",15% off,"₹26,999",4.2
"Redmi 6 (Gold, 32 GB)  (3 GB RAM)",N/A,50% off,"₹8,999",4.4
"Redmi 7 (Comet Blue, 32 GB)  (2 GB RAM)",N/A,N/A,"₹8,999",4.3
"Redmi 6 (Black, 64 GB)  (3 GB RAM)",N/A,62% off,"₹10,499",4.4
"Redmi Note 5 Pro (Black, 64 GB)  (4 GB RAM)",N/A,55% off,"₹14,999",4.5
"Xiaomi 11i 5G (Pacific Pearl, 128 GB)  (6 GB RAM)","₹29,999",16% off,"₹24,999",4.2
"Redmi Go (Black, 8 GB)  (1 GB RAM)",N/A,64% off,"₹5,999",4.3
"Xiaomi 11Lite NE (Jazz Blue, 128 GB)  (6 GB RAM)","₹31,999",31% off,"₹21,890",4.2
"Xiaomi 11i 5G (Pacific Pearl, 128 GB)  (6 GB RAM)","₹29,999",16% off,"₹24,999",4.2
"Redmi Go (Black, 8 GB)  (1 GB RAM)",N/A,64% off,"₹5,999",4.3
"Redmi Y1 (Grey, 32 GB)  (3 GB RAM)",N/A,N/A,"₹8,999",4.3
"Xiaomi 11Lite NE (Jazz Blue, 128 GB)  (6 GB RAM)","₹31,999",31% off,"₹21,890",4.2
"Redmi Note 8 (Neptune Blue, 64 GB)  (4 GB RAM)",N/A,55% off,"₹12,999",4.4
"Redmi Note 8 (Cosmic Purple, 128 GB)  (6 GB RAM)",N/A,N/A,"₹15,999",4.4
"Redmi Note 8 (Cosmic Purple, 64 GB)  (4 GB RAM)",N/A,55% off,"₹12,999",4.4
"Redmi Note 5 Pro (Rose Gold, 64 GB)  (4 GB RAM)",N/A,55% off,"₹14,999",4.5
"Redmi Note 8 (Space Black, 64 GB)  (4 GB RAM)",N/A,55% off,"₹12,999",4.4
"Xiaomi 11i Hypercharge 5G (Purple Mist, 128 GB)  (8 GB RAM)","₹31,999",25% off,"₹23,990",4.2
"Redmi 6A (Black, 32 GB)  (2 GB RAM)","₹7,999",12% off,"₹6,999",4.3
"Mi 11X (Cosmic Black, 128 GB)  (6 GB RAM)","₹33,999",35% off,"₹21,888",4.2
"Redmi Note 8 (Moonlight White, 64 GB)  (4 GB RAM)",N/A,55% off,"₹12,999",4.4
"Redmi 6 Pro (Lake Blue, 32 GB)  (3 GB RAM)",N/A,N/A,"₹8,990",4.3
"Redmi Note 7 Pro (Nebula Red, 64 GB)  (4 GB RAM)","₹15,999",40% off,"₹9,499",4.5
"Redmi Y1 (Gold, 64 GB)  (4 GB RAM)",N/A,N/A,"₹10,999",4.1
"Redmi Y1 (Gold, 32 GB)  (3 GB RAM)",N/A,N/A,"₹8,999",4.3
"Mi 10i (Midnight Black, 128 GB)  (8 GB RAM)","₹24,999",32% off,"₹16,999",4.3
"Mi A2 (Red, 128 GB)  (6 GB RAM)",N/A,20% off,"₹20,500",4.1
"Redmi 6A (Blue, 32 GB)  (2 GB RAM)","₹8,000",25% off,"₹5,990",4.3
"Redmi 7A (Matte Gold, 16 GB)  (2 GB RAM)",N/A,64% off,"₹6,499",4.3
"Xiaomi 12 Pro 5G (Opera Mauve, 256 GB)  (12 GB RAM)","₹84,999",44% off,"₹46,990",4.1
"Redmi Y2 (Rose Gold, 32 GB)  (3 GB RAM)",N/A,N/A,"₹10,499",4.5
"Redmi Y2 (Dark Grey, 32 GB)  (3 GB RAM)",N/A,62% off,"₹10,499",4.5
"Redmi 6 Pro (Black, 64 GB)  (4 GB RAM)","₹13,499",25% off,"₹9,999",4.3
"Redmi 6 Pro (Gold, 32 GB)  (3 GB RAM)",N/A,N/A,"₹8,990",4.3
"Redmi 6 Pro (Rose Gold, 32 GB)  (3 GB RAM)",N/A,N/A,"₹11,499",4.3
"Redmi 6 Pro (Red, 32 GB)  (3 GB RAM)",N/A,N/A,"₹10,799",4.3
"Redmi K20 (Pearl White, 128 GB)  (6 GB RAM)",N/A,23% off,"₹24,999",4.5
"Redmi 3S (Silver, 16 GB)  (2 GB RAM)",N/A,64% off,"₹6,999",4.3
"Redmi Y1 (Rose Gold, 32 GB)  (3 GB RAM)",N/A,N/A,"₹8,500",4.3
"Redmi 6 Pro (Gold, 64 GB)  (4 GB RAM)","₹13,499",25% off,"₹9,999",4.3
"Redmi Note 11S (Space Black, 128 GB)  (8 GB RAM)","₹21,999",31% off,"₹14,973",4.2
"Redmi K20 Pro (Flame Red, 256 GB)  (8 GB RAM)",N/A,22% off,"₹31,999",4.5
"Mi Max 2 (Black, 64 GB)  (4 GB RAM)","₹16,999",11% off,"₹14,999",4.4
"Redmi 6 (Blue, 32 GB)  (3 GB RAM)",N/A,50% off,"₹8,999",4.4
"REDMI Note 11 Pro (Stealth Black, 128 GB)  (6 GB RAM)","₹22,999",34% off,"₹14,980",4.2
"Redmi Note 7 Pro (Nebula Red, 128 GB)  (6 GB RAM)",N/A,33% off,"₹17,999",4.5
"Redmi Y3 (Bold Red, 64 GB)  (4 GB RAM)","₹13,999",7% off,"₹12,999",4.3
"Mi A2 (Red, 64 GB)  (4 GB RAM)",N/A,30% off,"₹17,499",4.2
"Redmi Note 9 Pro (Glacier White, 128 GB)  (6 GB RAM)","₹19,999",7% off,"₹18,498",4.3
"Mi Mix 2 (Black, 128 GB)  (6 GB RAM)",N/A,20% off,"₹37,999",4.3
"Redmi 7 (Lunar Red, 32 GB)  (3 GB RAM)",N/A,N/A,"₹10,990",4.4
"Redmi Y3 (Prime Black, 64 GB)  (4 GB RAM)","₹13,999",28% off,"₹9,999",4.3
"Redmi Note 7 (Onyx Black, 64 GB)  (4 GB RAM)",N/A,55% off,"₹14,999",4.5
"Redmi Note 7 (Ruby Red, 64 GB)  (4 GB RAM)",N/A,55% off,"₹14,999",4.5
"Mi A1 (Black, 64 GB)  (4 GB RAM)","₹14,999",2% off,"₹14,599",4.4
"Mi 5 (White, 32 GB)  (3 GB RAM)",N/A,23% off,"₹24,999",4.3
"Mi A1 (Red, 64 GB)  (4 GB RAM)","₹14,999",2% off,"₹14,599",4.4
"Mi A2 (Gold, 128 GB)  (6 GB RAM)",N/A,20% off,"₹20,500",4.1
"Xiaomi 11Lite NE (Vinyl Black, 128 GB)  (6 GB RAM)","₹31,999",32% off,"₹21,490",4.2
"NOTE 12 5G (Black, 128 GB)  (6 GB RAM)","₹21,999",27% off,"₹15,990",4.2
"Redmi Note 5 Pro (Rose Gold, 64 GB)  (6 GB RAM)",N/A,30% off,"₹16,999",4.5
"Redmi 7 (Eclipse Black, 32 GB)  (3 GB RAM)",N/A,N/A,"₹9,500",4.4
"Redmi Y2 (Gold, 64 GB)  (4 GB RAM)",N/A,55% off,"₹13,499",4.4
"Mi 4i (White, 16 GB)  (2 GB RAM)",N/A,55% off,"₹12,999",4.2
"Redmi Y2 (Black, 64 GB)  (4 GB RAM)",N/A,55% off,"₹13,499",4.4
"Redmi 3S Prime (Dark Grey, 32 GB)  (3 GB RAM)",N/A,50% off,"₹8,999",4.3
"Redmi 3S Prime (Gold, 32 GB)  (3 GB RAM)",N/A,50% off,"₹8,999",4.3
"Redmi 5 (Gold, 32 GB)  (3 GB RAM)",N/A,N/A,"₹9,999",4.3
"Redmi Note 5 (Gold, 64 GB)  (4 GB RAM)",N/A,62% off,"₹11,999",4.4
"Redmi 7 (Comet Blue, 32 GB)  (3 GB RAM)","₹10,990",18% off,"₹8,990",4.4
"Redmi 5 (Lake Blue, 64 GB)  (4 GB RAM)","₹11,999",29% off,"₹8,499",4.3
"Redmi 6A (Grey, 32 GB)  (3 GB RAM)","₹9,999",38% off,"₹6,100",2.6
"13 pro (Ceramic White, 256 GB)  (12 GB RAM)","₹89,999",16% off,"₹74,990",4.3
"13 pro (Ceramic Black, 256 GB)  (12 GB RAM)",N/A,N/A,"₹89,999",4.3
"Xiaomi 11Lite NE (Vinyl Black, 128 GB)  (6 GB RAM)","₹31,999",34% off,"₹20,999",4.2
"Xiaomi 11Lite NE (Diamond Dazzle, 128 GB)  (8 GB RAM)","₹33,999",36% off,"₹21,460",4.3
"Xiaomi 11i Hypercharge 5G (Camo Green, 128 GB)  (6 GB RAM)","₹31,999",15% off,"₹26,999",4.2
"Xiaomi 11i Hypercharge 5G (Stealth Black, 128 GB)  (8 GB RAM)","₹33,999",14% off,"₹28,999",4.2
"Xiaomi 11i Hypercharge 5G (Camo Green, 128 GB)  (8 GB RAM)","₹33,999",14% off,"₹28,999",4.2
"Redmi Note 6 Pro (Blue, 64 GB)  (6 GB RAM)",N/A,33% off,"₹17,999",4.5
"Redmi 6A (Black, 32 GB)  (2 GB RAM)","₹7,999",12% off,"₹6,999",4.3
"Xiaomi 11i Hypercharge 5G (Camo Green, 128 GB)  (6 GB RAM)","₹31,999",15% off,"₹26,999",4.2
"Xiaomi 11i Hypercharge 5G (Stealth Black, 128 GB)  (8 GB RAM)","₹33,999",14% off,"₹28,999",4.2
"Xiaomi 11i Hypercharge 5G (Camo Green, 128 GB)  (8 GB RAM)","₹33,999",14% off,"₹28,999",4.2
"Redmi Note 6 Pro (Blue, 64 GB)  (6 GB RAM)",N/A,33% off,"₹17,999",4.5
"Redmi Note 7 Pro (Moonlight White, 128 GB)  (6 GB RAM)",N/A,33% off,"₹17,999",4.5
"Mi 10T (Lunar Silver, 128 GB)  (6 GB RAM)","₹39,999",10% off,"₹35,999",4.2
"Xiaomi 14 Ultra (White, 512 GB)  (16 GB RAM)","₹1,19,999",16% off,"₹99,999",4.5
"Redmi Note 9 Pro (Interstellar Black, 64 GB)  (4 GB RAM)",N/A,N/A,"₹13,590",4.3
"Xiaomi 11i Hypercharge 5G (Pacific Pearl, 128 GB)  (8 GB RAM)","₹33,999",14% off,"₹28,999",4.2
"Redmi Note 7S (Ruby Red, 64 GB)  (4 GB RAM)",N/A,55% off,"₹13,999",4.4
"Redmi Note 9 Pro (Champagne Gold, 128 GB)  (4 GB RAM)",N/A,N/A,"₹14,640",4.3
"Redmi Note 9 Pro (Champagne Gold, 64 GB)  (4 GB RAM)",N/A,N/A,"₹13,690",4.3
"Redmi Note 9 Pro (Aurora Blue, 128 GB)  (4 GB RAM)",N/A,N/A,"₹14,199",4.3
"Mi Max (Gold, 32 GB)  (3 GB RAM)",N/A,55% off,"₹14,999",4.3
"Redmi Note 9 Pro (Champagne Gold, 128 GB)  (6 GB RAM)",N/A,N/A,"₹19,999",4.3
"Redmi Note 3 (Gold, 32 GB)  (3 GB RAM)","₹8,999",11% off,"₹7,999",4.3
"Redmi K20 Pro (Glacier Blue, 256 GB)  (8 GB RAM)",N/A,22% off,"₹31,999",4.5
"Redmi Note 8 (Moonlight White, 128 GB)  (6 GB RAM)",N/A,30% off,"₹15,999",4.4
"Redmi Note 11 PRO Plus 5G (Mirage Blue, 128 GB)  (8 GB RAM)",N/A,N/A,"₹21,867",4.2
"Redmi Note 11 PRO Plus 5G (Phantom White, 128 GB)  (8 GB RAM)","₹26,051",19% off,"₹21,099",4.2
"Redmi Note 11 PRO Plus 5G (Mirage Blue, 256 GB)  (8 GB RAM)",N/A,N/A,"₹22,999",4.2
"Mi A3 (Kind of Grey, 64 GB)  (4 GB RAM)",N/A,55% off,"₹14,999",4.3
"Redmi Note 7 Pro (Space Black, 128 GB)  (6 GB RAM)",N/A,N/A,"₹13,999",4.5
"Redmi Note 9 Pro (Glacier White, 128 GB)  (4 GB RAM)",N/A,N/A,"₹15,490",4.3
"Redmi 8A Dual (Sky White, 64 GB)  (3 GB RAM)",N/A,50% off,"₹9,999",4.2
"Redmi 7 (Lunar Red, 32 GB)  (2 GB RAM)",N/A,N/A,"₹8,998",4.3
"REDMI Note 11 Pro (Stealth Black, 128 GB)  (6 GB RAM)","₹21,999",20% off,"₹17,490",4.2
"Redmi 2 Prime (Grey, 16 GB)  (2 GB RAM)",N/A,64% off,"₹6,999",4.3
"Redmi 2 Prime (White, 16 GB)  (2 GB RAM)",N/A,64% off,"₹6,999",4.3
"Redmi Note 11 PRO Plus 5G (Phantom White, 128 GB)  (8 GB RAM)",N/A,1% off,"₹21,483",4.2
"Xiaomi 12 Pro 5G (Opera Mauve, 256 GB)  (8 GB RAM)",N/A,N/A,"₹79,999",4.1
"Redmi Note 7 Pro (Nebula Red, 64 GB)  (6 GB RAM)",N/A,30% off,"₹16,999",4.5
"Redmi Note 7S (Sapphire Blue, 32 GB)  (3 GB RAM)",N/A,62% off,"₹11,999",4.4
"Redmi 8A (Midnight Black, 32 GB)  (3 GB RAM)",N/A,50% off,"₹8,999",4.4
"Redmi Note 11 PRO Plus 5G (Stealth Black, 128 GB)  (6 GB RAM)","₹24,999",12% off,"₹21,998",4.2
"Redmi Note 11 PRO Plus 5G (Stealth Black, 128 GB)  (8 GB RAM)","₹26,999",22% off,"₹20,990",4.2
"11 Lite NE (Jazz Blue, 128 GB)  (8 GB RAM)","₹33,999",35% off,"₹21,999",4.1
"Redmi Note 9 Pro (Glacier White, 64 GB)  (4 GB RAM)","₹16,999",17% off,"₹13,999",4.3
"11 Lite NE (Tuscany Coral, 128 GB)  (8 GB RAM)","₹33,999",26% off,"₹25,000",4.1
"Redmi Note 5 Pro (Lake Blue, 64 GB)  (4 GB RAM)",N/A,55% off,"₹14,999",4.5
"Redmi Note 9 Pro (Interstellar Black, 128 GB)  (6 GB RAM)","₹17,999",11% off,"₹15,990",4.3
"Redmi Note 7 Pro (Neptune Blue, 64 GB)  (6 GB RAM)",N/A,30% off,"₹16,999",4.5
"Redmi Note 6 Pro (Rose Gold, 64 GB)  (6 GB RAM)",N/A,33% off,"₹17,999",4.5
"11 Lite NE (Vinyl Black, 128 GB)  (8 GB RAM)","₹33,999",31% off,"₹23,374",4.1
"Redmi Note 7 (Onyx Black, 32 GB)  (3 GB RAM)",N/A,55% off,"₹12,999",4.4
"Redmi Note 11 PRO Plus 5G (Stealth Black, 128 GB)  (6 GB RAM)","₹24,999",16% off,"₹20,995",4.2
"Redmi Note 11 PRO Plus 5G (PHANTOM WHITE, 256 GB)  (8 GB RAM)","₹28,999",31% off,"₹19,999",4.2
"Redmi Note 11 PRO Plus 5G (Stealth Black, 128 GB)  (6 GB RAM)","₹24,999",16% off,"₹20,995",4.2
"Redmi Note 11 PRO Plus 5G (PHANTOM WHITE, 256 GB)  (8 GB RAM)","₹28,999",31% off,"₹19,999",4.2
"Redmi Note 7S (Onyx Black, 32 GB)  (3 GB RAM)","₹11,499",26% off,"₹8,500",4.4
"Redmi Y3 (Elegant Blue, 32 GB)  (3 GB RAM)",N/A,N/A,"₹10,190",4.4
"Redmi Note 6 Pro (Red, 64 GB)  (6 GB RAM)",N/A,33% off,"₹17,999",4.5
"Redmi Note 5 Pro (Red, 64 GB)  (6 GB RAM)",N/A,30% off,"₹16,999",4.5
"11 Lite NE (Diamond Dazzle, 128 GB)  (6 GB RAM)","₹31,999",29% off,"₹22,500",3.7
"11 Lite NE (Vinyl Black, 128 GB)  (6 GB RAM)","₹31,999",25% off,"₹23,999",3.7
"11 Lite NE (Jazz Blue, 128 GB)  (6 GB RAM)","₹30,999",22% off,"₹23,999",3.7
"MI4 (White, 16 GB)  (3 GB RAM)",N/A,55% off,"₹14,999",4.1
"11 Lite NE (Tuscany Coral, 128 GB)  (6 GB RAM)","₹30,999",22% off,"₹23,999",3.7
"11 Lite NE (Diamond Dazzle, 128 GB)  (8 GB RAM)","₹33,999",3% off,"₹32,900",4.1
"Redmi Note 7 Pro (Space Black, 64 GB)  (6 GB RAM)",N/A,30% off,"₹16,999",4.5
"Mi 10T Pro (Lunar Silver, 128 GB)  (8 GB RAM)",N/A,18% off,"₹47,999",4.2
"Mi 10 (Coral Green, 256 GB)  (8 GB RAM)",N/A,N/A,"₹59,999",4.1
"Redmi Note 11 PRO Plus 5G (Mirage Blue, 128 GB)  (6 GB RAM)","₹24,998",27% off,"₹17,999",4.2
"Redmi Y3 (Elegant Blue, 64 GB)  (4 GB RAM)","₹13,999",11% off,"₹12,449",4.3
"Redmi Note 6 Pro (Red, 64 GB)  (4 GB RAM)",N/A,30% off,"₹15,999",4.5
"Mi 10 (Twilight Grey, 128 GB)  (8 GB RAM)",N/A,20% off,"₹54,999",4.1
"Redmi Note 11 PRO Plus 5G (Phantom White, 128 GB)  (6 GB RAM)","₹24,999",24% off,"₹18,799",4.2
"Xiaomi 12 Pro 5G (Opera Mauve, 256 GB)  (12 GB RAM)","₹84,999",44% off,"₹46,990",4.1
"Redmi 7 (Eclipse Black, 32 GB)  (2 GB RAM)","₹9,999",35% off,"₹6,490",4.3
"Redmi Note 6 Pro (Black, 64 GB)  (4 GB RAM)",N/A,30% off,"₹15,999",4.5
"Redmi Y3 (Prime Black, 32 GB)  (3 GB RAM)",N/A,N/A,"₹9,999",4.4
"Redmi Y2 (Black, 32 GB)  (3 GB RAM)",N/A,62% off,"₹10,499",4.5
"Redmi K20 (Pearl White, 64 GB)  (6 GB RAM)",N/A,23% off,"₹22,999",4.5
"Redmi 3S (Dark Grey, 16 GB)  (2 GB RAM)",N/A,64% off,"₹6,999",4.3
"Mi Max (Dark Grey, 32 GB)  (3 GB RAM)",N/A,N/A,"₹14,999",4.3
"Redmi K20 (Glacier Blue, 64 GB)  (6 GB RAM)",N/A,23% off,"₹22,999",4.5
"Redmi K20 (Carbon Black, 64 GB)  (6 GB RAM)",N/A,23% off,"₹22,999",4.5
"Mi 10i (Midnight Black, 64 GB)  (6 GB RAM)","₹23,999",12% off,"₹20,990",4.3
"Redmi K20 Pro (Pearl White, 128 GB)  (6 GB RAM)",N/A,20% off,"₹28,999",4.5
"Redmi K20 Pro (Pearl White, 256 GB)  (8 GB RAM)",N/A,N/A,"₹31,999",4.5
"Mi Max (Silver, 32 GB)  (3 GB RAM)",N/A,55% off,"₹14,999",4.3
"Redmi Note 11 PRO Plus 5G (Mirage Blue, 256 GB)  (8 GB RAM)","₹24,986",3% off,"₹23,999",4.2
"Redmi K20 (Glacier Blue, 128 GB)  (6 GB RAM)",N/A,23% off,"₹24,999",4.5
"Redmi Note 9 Pro (Interstellar Black, 128 GB)  (4 GB RAM)",N/A,N/A,"₹14,340",4.3
"Mi 10i (Atlantic Blue, 64 GB)  (6 GB RAM)",N/A,N/A,"₹23,999",4.3
"Redmi 8A (Ocean Blue, 32 GB)  (3 GB RAM)",N/A,50% off,"₹8,999",4.4
"Redmi 10 Prime (Bifrost Blue, 128 GB)  (6 GB RAM)","₹18,999",35% off,"₹12,331",4.2
"MI3 (Metallic Grey, 16 GB)  (2 GB RAM)",N/A,30% off,"₹16,999",4.4
"Redmi 10 Prime (Phantom Black, 128 GB)  (6 GB RAM)","₹16,999",27% off,"₹12,331",4.2
"Redmi Note 7 (Ruby Red, 32 GB)  (3 GB RAM)",N/A,55% off,"₹12,999",4.4
"Redmi Note 7 Pro (MOONLIGHT WHITE, 64 GB)  (6 GB RAM)",N/A,30% off,"₹16,999",4.5
"Redmi Note 7S (Sapphire Blue, 64 GB)  (4 GB RAM)",N/A,55% off,"₹13,999",4.4
"Mi 5 (Gold, 32 GB)  (3 GB RAM)",N/A,N/A,"₹24,999",4.3
"Mi A2 (Rose Gold, 64 GB)  (4 GB RAM)",N/A,N/A,"₹17,499",4.2
"Redmi Note 7 Pro (Neptune Blue, 128 GB)  (6 GB RAM)",N/A,N/A,"₹13,999",4.5
"Redmi Note 7S (Moonlight White, 64 GB)  (4 GB RAM)",N/A,55% off,"₹13,999",4.4
"Mi 4i (Blue, 16 GB)  (2 GB RAM)",N/A,N/A,"₹12,999",4.2
"Redmi Note 7 Pro (Moonlight White, 64 GB)  (4 GB RAM)",N/A,30% off,"₹15,999",4.5
"Redmi 8A (Sunset Red, 32 GB)  (3 GB RAM)",N/A,50% off,"₹8,999",4.4
"Redmi Y2 (Blue, 64 GB)  (4 GB RAM)",N/A,55% off,"₹13,499",4.4
"Redmi Note 8 (Space Black, 128 GB)  (6 GB RAM)",N/A,30% off,"₹15,999",4.4
"Redmi 8A Dual (Midnight Grey, 32 GB)  (3 GB RAM)",N/A,50% off,"₹8,999",4.2
"Redmi 3S Prime (Silver, 32 GB)  (3 GB RAM)",N/A,50% off,"₹8,999",4.3
"Mi 4i (Grey, 32 GB)  (2 GB RAM)",N/A,55% off,"₹14,999",4.2
"Redmi Y2 (Rose Gold, 64 GB)  (4 GB RAM)",N/A,N/A,"₹13,499",4.4
"Redmi 6 (Gold, 64 GB)  (3 GB RAM)",N/A,62% off,"₹10,499",4.4
"Redmi Note 5 Pro (Blue, 64 GB)  (6 GB RAM)",N/A,30% off,"₹16,999",4.5
"Redmi Note 5 Pro (Gold, 64 GB)  (4 GB RAM)",N/A,55% off,"₹14,999",4.5
"Redmi Note 5 (Rose Gold, 64 GB)  (4 GB RAM)",N/A,62% off,"₹11,999",4.4
"Redmi Y2 (Dark Grey, 64 GB)  (4 GB RAM)",N/A,N/A,"₹13,600",4.4
"Mi 4i (Grey, 16 GB)  (2 GB RAM)",N/A,55% off,"₹12,999",4.2
"Redmi Note 5 Pro (Red, 64 GB)  (4 GB RAM)",N/A,55% off,"₹14,999",4.5
"Mi A2 (Black, 64 GB)  (4 GB RAM)",N/A,30% off,"₹17,499",4.2
"Mi A2 (Black, 128 GB)  (6 GB RAM)",N/A,N/A,"₹20,500",4.1
"Redmi Note 5 (Blue, 64 GB)  (4 GB RAM)",N/A,N/A,"₹11,999",4.4
"Redmi Note 8 (Neptune Blue, 128 GB)  (6 GB RAM)",N/A,N/A,"₹15,999",4.4
"Mi 10 (Twilight Grey, 256 GB)  (8 GB RAM)",N/A,N/A,"₹59,999",4.1
"Redmi Note 5 (Blue, 32 GB)  (3 GB RAM)",N/A,62% off,"₹10,999",4.4
"�9A (Midnight Black, 32 GB)  (3 GB RAM)",N/A,N/A,"₹9,499",3.8
"Redmi 8A Dual (Sea Blue, 32 GB)  (3 GB RAM)",N/A,50% off,"₹8,999",4.2
"MI 11X 5G (CELESTIAL SILVER, 128 GB)  (6 GB RAM)",N/A,N/A,"₹24,999",4.2
"Redmi 8 (Onyx Black, 64 GB)  (4 GB RAM)",N/A,62% off,"₹10,999",4.4
"Redmi Note 8 (Moonlight White, 32 GB)  (3 GB RAM)","₹11,999",N/A,"₹11,990",4.4
"Xiaomi 11i Hypercharge 5G (Purple Mist, 128 GB)  (8 GB RAM)","₹31,999",25% off,"₹23,990",4.2
"(Refurbished) Mi 11 Lite NE (Vinyl Black, 128 GB)  (8 GB RAM)","₹24,999",52% off,"₹11,799",3.5
"(Refurbished) Mi Redmi Note 9 Pro (Interstellar Black, 128 GB)  (4 GB RAM)","₹14,999",50% off,"₹7,499",3.7
"(Refurbished) Mi 10T (Cosmic Black, 128 GB)  (8 GB RAM)","₹31,999",51% off,"₹15,499",4
"(Refurbished) Mi 11i 5G (Camo Green, 128 GB)  (8 GB RAM)","₹24,999",44% off,"₹13,999",3.5
"(Refurbished) Mi Mi 11X (LUNAR WHITE, 128 GB)  (8 GB RAM)","₹24,999",38% off,"₹15,499",3.5
"(Refurbished) Mi 11i 5G (Purple Mist, 128 GB)  (6 GB RAM)","₹29,999",50% off,"₹14,999",3.5
"REDMI 13C (Stardust Black, 128 GB)  (4 GB RAM)","₹11,999",40% off,"₹7,199",4.3
"REDMI 13C (Starfrost White, 128 GB)  (4 GB RAM)","₹11,999",40% off,"₹7,199",4.3
"REDMI 13C (Starshine Green, 128 GB)  (4 GB RAM)","₹11,999",40% off,"₹7,199",4.3
"REDMI 12 (Moonstone Silver, 128 GB)  (6 GB RAM)","₹15,999",50% off,"₹7,999",4.2
"REDMI 12 (Pastel Blue, 128 GB)  (6 GB RAM)","₹15,999",50% off,"₹7,999",4.2
"REDMI 13c 5G (Startrail Silver, 128 GB)  (6 GB RAM)","₹15,999",33% off,"₹10,675",4.2
"REDMI 13c 5G (Starlight Black, 128 GB)  (6 GB RAM)","₹15,999",33% off,"₹10,686",4.2
"REDMI Note 13 Pro 5G (Arctic White, 128 GB)  (8 GB RAM)","₹28,999",34% off,"₹18,999",4.3
"REDMI Note 13 Pro 5G (Midnight Black, 128 GB)  (8 GB RAM)","₹28,999",34% off,"₹18,869",4.3
"REDMI 12 (Jade Black, 128 GB)  (6 GB RAM)","₹15,999",50% off,"₹7,999",4.2
"REDMI 13c 5G (Startrail Green, 128 GB)  (4 GB RAM)","₹13,999",30% off,"₹9,698",4.3
"REDMI 13c 5G (Startrail Silver, 256 GB)  (8 GB RAM)","₹15,999",12% off,"₹13,975",4.2
"REDMI 13c 5G (Startrail Silver, 128 GB)  (4 GB RAM)","₹13,999",30% off,"₹9,680",4.3
"REDMI 13c 5G (Startrail Green, 256 GB)  (8 GB RAM)","₹15,999",20% off,"₹12,779",4.2
"REDMI Note 13 Pro 5G (Coral Purple, 128 GB)  (8 GB RAM)","₹28,999",35% off,"₹18,845",4.3
"REDMI 13C 5G (Startrail Green, 256 GB)  (8 GB RAM)","₹17,999",25% off,"₹13,499",4.2
"REDMI 13 5G (Black Diamond, 128 GB)  (8 GB RAM)","₹19,999",25% off,"₹14,999",4.2
"REDMI Note 13 5G (Arctic White, 256 GB)  (12 GB RAM)","₹24,999",30% off,"₹17,390",4.1
"REDMI Note 13 5G (Arctic White, 128 GB)  (6 GB RAM)","₹20,999",29% off,"₹14,799",4.2
"REDMI Note 13 5G (Prism Gold, 128 GB)  (6 GB RAM)","₹20,999",19% off,"₹16,990",4.2
"REDMI Note 13 Pro 5G (Midnight Black, 256 GB)  (12 GB RAM)","₹32,999",34% off,"₹21,727",4.3
"REDMI 13C (Starfrost White, 128 GB)  (6 GB RAM)","₹13,999",39% off,"₹8,499",4.2
"REDMI 13 5G (Orchid Pink, 128 GB)  (8 GB RAM)","₹19,999",25% off,"₹14,999",4.2
"REDMI A3 (Lake Blue, 128 GB)  (6 GB RAM)","₹11,999",33% off,"₹7,921",4
"REDMI Note 13 5G (Stealth Black, 256 GB)  (8 GB RAM)","₹22,999",28% off,"₹16,490",4.2
"REDMI 13C (Starshine Green, 128 GB)  (6 GB RAM)","₹13,999",39% off,"₹8,499",4.2
"REDMI Note 13 5G (Chromatic Purple, 128 GB)  (6 GB RAM)","₹20,999",28% off,"₹14,918",4.2
"REDMI 13C 5G (Startrail Silver, 128 GB)  (4 GB RAM)","₹13,999",35% off,"₹8,999",4.3
"REDMI Note 13 Pro 5G (Coral Purple, 256 GB)  (12 GB RAM)","₹32,999",32% off,"₹22,200",4.3
"REDMI 13c 5G (Startrail Green, 128 GB)  (6 GB RAM)","₹15,999",33% off,"₹10,582",4.2
"REDMI Note 13 Pro 5G (Midnight Black, 256 GB)  (8 GB RAM)","₹30,999",31% off,"₹21,124",4.3
"REDMI 13 5G (Orchid Pink, 128 GB)  (8 GB RAM)","₹19,999",26% off,"₹14,700",4.2
"REDMI A3 (Olive Green, 128 GB)  (6 GB RAM)","₹11,999",34% off,"₹7,889",4
"REDMI Note 13 Pro 5G (Coral Purple, 256 GB)  (8 GB RAM)","₹30,999",19% off,"₹24,999",4.3
"REDMI 13 5G (Orchid Pink, 128 GB)  (6 GB RAM)","₹17,999",26% off,"₹13,176",4.2
"REDMI 13C 5G (Startrail Green, 128 GB)  (4 GB RAM)","₹13,999",35% off,"₹8,999",4.3
"REDMI 13C 5G (Starlight Black, 128 GB)  (4 GB RAM)","₹13,999",35% off,"₹8,999",4.3
"REDMI 13C 5G (Starlight Black, 128 GB)  (4 GB RAM)","₹13,999",35% off,"₹8,999",4.3
"REDMI 12 5G (Jade Black, 128 GB)  (6 GB RAM)","₹17,999",30% off,"₹12,499",4.2
"REDMI Note 13 5G (Prism Gold, 256 GB)  (12 GB RAM)","₹24,999",31% off,"₹17,230",4.1
"REDMI 13 5G (Black Diamond, 128 GB)  (6 GB RAM)","₹17,999",25% off,"₹13,499",4.2
"REDMI Note 13 Pro 5G (Coral Purple, 128 GB)  (8 GB RAM)","₹28,999",20% off,"₹22,999",4.3
"REDMI Note 13 Pro 5G (Arctic White, 256 GB)  (12 GB RAM)","₹32,999",34% off,"₹21,734",4.3
"REDMI Note 13 Pro+ 5G (Fusion Black, 256 GB)  (8 GB RAM)","₹33,999",27% off,"₹24,499",4.2
"REDMI Note 13 Pro+ 5G (Fusion Purple, 256 GB)  (8 GB RAM)","₹33,999",17% off,"₹27,999",4.2
"REDMI 12 (Pastel Blue, 128 GB)  (6 GB RAM)","₹15,999",44% off,"₹8,933",4.2
"REDMI 12 5G (Pastel Blue, 256 GB)  (8 GB RAM)","₹19,999",35% off,"₹12,999",4.2
"REDMI 13C 5G (Startrail Silver, 128 GB)  (6 GB RAM)","₹15,999",28% off,"₹11,499",4.2
"REDMI 13C 5G (Starlight Black, 256 GB)  (8 GB RAM)","₹17,999",25% off,"₹13,499",4.2
"REDMI Note 13 Pro 5G (Midnight Black, 128 GB)  (8 GB RAM)","₹28,999",20% off,"₹22,999",4.3
"REDMI Note 13 Pro 5G (Arctic White, 128 GB)  (8 GB RAM)","₹28,999",20% off,"₹22,999",4.3
"REDMI Note 13 Pro 5G (Coral Purple, 256 GB)  (12 GB RAM)","₹32,999",21% off,"₹25,999",4.3
"REDMI Note 12 5G (Matte Black, 256 GB)  (8 GB RAM)","₹23,999",35% off,"₹15,499",4.1
"REDMI A3 (Midnight Black, 128 GB)  (6 GB RAM)","₹11,999",34% off,"₹7,870",4
"REDMI 13 5G (Black Diamond, 128 GB)  (8 GB RAM)","₹19,999",28% off,"₹14,378",4.2
"REDMI 12 5G (Moonstone Silver, 128 GB)  (6 GB RAM)","₹17,999",30% off,"₹12,499",4.2
"REDMI 13C 5G (Startrail Green, 128 GB)  (6 GB RAM)","₹15,999",28% off,"₹11,499",4.2
"REDMI 13 5G (Hawaiian Blue, 128 GB)  (8 GB RAM)","₹19,999",30% off,"₹13,845",4.2
"REDMI Note 13 Pro 5G (Scarlet Red, 128 GB)  (8 GB RAM)","₹28,999",20% off,"₹22,999",4.3
"REDMI Note 13 5G (Arctic White, 256 GB)  (8 GB RAM)","₹22,999",25% off,"₹17,188",4.2
"REDMI 13C 5G (Startrail Silver, 256 GB)  (8 GB RAM)","₹17,999",25% off,"₹13,499",4.2
"REDMI A3X (Midnight Black, 64 GB)  (3 GB RAM)","₹9,999",30% off,"₹6,999",4.2
"REDMI Note 13 5G (Prism Gold, 256 GB)  (8 GB RAM)","₹22,999",25% off,"₹17,130",4.2
"REDMI 13 5G (Black Diamond, 128 GB)  (6 GB RAM)","₹17,999",28% off,"₹12,824",4.2
"REDMI Note 13 5G (Prism Gold, 256 GB)  (12 GB RAM)","₹24,999",24% off,"₹18,999",4.1
"REDMI Note 13 Pro 5G (Midnight Black, 256 GB)  (8 GB RAM)","₹30,999",19% off,"₹24,999",4.3
"REDMI Note 13 Pro+ 5G (Fusion Purple, 512 GB)  (12 GB RAM)","₹37,999",15% off,"₹31,999",4.2
"REDMI 13 5G (Hawaiian Blue, 128 GB)  (6 GB RAM)","₹17,999",29% off,"₹12,675",4.2
"REDMI A3X (Midnight Black, 128 GB)  (4 GB RAM)","₹10,999",27% off,"₹7,999",4.1
"REDMI Note 13 Pro 5G (Coral Purple, 256 GB)  (8 GB RAM)","₹30,999",29% off,"₹21,868",4.3
"REDMI Note 13 Pro+ 5G (Fusion White, 512 GB)  (12 GB RAM)","₹37,999",15% off,"₹31,999",4.2
"REDMI Note 13 Pro+ 5G (Fusion Black, 512 GB)  (12 GB RAM)","₹37,999",15% off,"₹31,999",4.2
"REDMI 13 5G (Orchid Pink, 128 GB)  (8 GB RAM)","₹19,999",25% off,"₹14,980",4.2
"REDMI Note 12 5G (Frosted Green, 256 GB)  (8 GB RAM)","₹23,999",35% off,"₹15,499",4.1
"REDMI A3 (Midnight Black, 128 GB)  (6 GB RAM)","₹11,999",34% off,"₹7,869",4
"REDMI Note 13 Pro+ 5G (Fusion Purple, 512 GB)  (12 GB RAM)","₹37,999",23% off,"₹28,990",4.2
"REDMI Note 13 Pro 5G (Arctic White, 256 GB)  (8 GB RAM)","₹30,999",31% off,"₹21,232",4.3
"REDMI Note 13 Pro+ 5G (Fusion White, 256 GB)  (8 GB RAM)","₹33,999",17% off,"₹27,999",4.2
"REDMI 12 (Jade Black, 128 GB)  (6 GB RAM)","₹15,999",39% off,"₹9,690",4.2
"REDMI 12 5G (Jade Black, 128 GB)  (6 GB RAM)","₹17,999",22% off,"₹13,990",4.2
"REDMI 12 5G (Jade Black, 256 GB)  (8 GB RAM)","₹19,999",27% off,"₹14,499",4.2
"REDMI 12 5G (Pastel Blue, 128 GB)  (6 GB RAM)","₹17,999",30% off,"₹12,499",4.2
"REDMI 12 (Jade Black, 128 GB)  (4 GB RAM)","₹14,999",36% off,"₹9,499",4.3
"REDMI A3X (Starry White, 64 GB)  (3 GB RAM)","₹9,999",30% off,"₹6,999",4.2
"REDMI A3X (Ocean Green, 64 GB)  (3 GB RAM)","₹9,999",30% off,"₹6,999",4.2
"REDMI Note 13 Pro+ 5G (Fusion Purple, 256 GB)  (8 GB RAM)","₹33,999",29% off,"₹24,132",4.2
"REDMI 12 5G (Moonstone Silver, 128 GB)  (6 GB RAM)","₹17,999",28% off,"₹12,950",4.2
"REDMI A3X (Starry White, 64 GB)  (3 GB RAM)","₹9,999",30% off,"₹6,999",4.2
"REDMI 13C (Stardust Black, 128 GB)  (4 GB RAM)","₹11,999",29% off,"₹8,499",4.3
"REDMI Note 13 Pro+ 5G (Fusion Black, 512 GB)  (12 GB RAM)","₹37,999",25% off,"₹28,408",4.2
"REDMI A3 (Lake Blue, 128 GB)  (6 GB RAM)","₹11,999",25% off,"₹8,999",4
"REDMI 12 5G (Moonstone Silver, 256 GB)  (8 GB RAM)","₹18,999",24% off,"₹14,299",4.2
"REDMI 13 5G (Orchid Pink, 128 GB)  (6 GB RAM)","₹17,999",25% off,"₹13,499",4.2
"REDMI Note 13 Pro+ 5G (Fusion White, 256 GB)  (12 GB RAM)","₹35,999",27% off,"₹26,228",4.2
"REDMI Note 13 5G (Chromatic Purple, 256 GB)  (8 GB RAM)","₹23,026",32% off,"₹15,572",4.2
"REDMI A3 (Midnight Black, 128 GB)  (6 GB RAM)","₹11,999",25% off,"₹8,999",4
"REDMI Note 12 5G (Mystique Blue, 256 GB)  (8 GB RAM)","₹23,999",35% off,"₹15,497",4.1
"REDMI A2 (Classic Black, 64 GB)  (4 GB RAM)","₹10,999",27% off,"₹7,990",4.2
"REDMI 12C (Matte Black, 64 GB)  (4 GB RAM)","₹13,999",40% off,"₹8,299",4.2
"REDMI Note 13 Pro+ 5G (Fusion White, 256 GB)  (8 GB RAM)","₹33,999",28% off,"₹24,297",4.2
"REDMI A3 (Midnight Black, 64 GB)  (3 GB RAM)","₹9,999",30% off,"₹6,999",4.1
"REDMI A2+ (Classic Black, 128 GB)  (4 GB RAM)","₹12,499",33% off,"₹8,300",4.1
"REDMI Note 13 5G (Prism Gold, 128 GB)  (6 GB RAM)","₹20,999",23% off,"₹15,999",4.2
"REDMI A2+ (Aqua Blue, 128 GB)  (4 GB RAM)","₹12,499",28% off,"₹8,894",4.1
"REDMI 12C (Mint Green, 64 GB)  (4 GB RAM)","₹13,999",40% off,"₹8,299",4.2
"REDMI 13C (Stardust Black, 128 GB)  (6 GB RAM)","₹13,999",23% off,"₹10,699",4.2
"REDMI A2+ (Sea Green, 128 GB)  (4 GB RAM)","₹12,499",34% off,"₹8,225",4.1
"REDMI 13C (Starfrost White, 128 GB)  (4 GB RAM)","₹11,999",20% off,"₹9,599",4.3
"REDMI A2 (Aqua Blue, 64 GB)  (2 GB RAM)","₹9,999",40% off,"₹5,999",4.1
"REDMI A3 (Olive Green, 128 GB)  (4 GB RAM)","₹10,999",22% off,"₹8,499",4.2
"REDMI A2+ (Classic Black, 128 GB)  (4 GB RAM)","₹12,499",33% off,"₹8,300",4.1
"REDMI A3X (Ocean Green, 128 GB)  (4 GB RAM)","₹10,999",27% off,"₹7,999",4.1
"REDMI A3X (Olive Green, 64 GB)  (3 GB RAM)","₹9,999",30% off,"₹6,999",4.2
"REDMI 10A (Slate grey, 64 GB)  (4 GB RAM)","₹11,999",29% off,"₹8,499",4.2
"REDMI 12C (Mint Green, 128 GB)  (4 GB RAM)","₹14,999",41% off,"₹8,730",4.2
"REDMI 12 (Pastel Blue, 128 GB)  (4 GB RAM)","₹14,999",36% off,"₹9,499",4.3
"REDMI A1+ (Black, 32 GB)  (2 GB RAM)","₹9,999",19% off,"₹8,099",4.2
"REDMI Note 11 (Space Black, 64 GB)  (4 GB RAM)","₹17,998",36% off,"₹11,480",4.2
"REDMI A2+ (Sea Green, 128 GB)  (4 GB RAM)","₹12,499",34% off,"₹8,225",4.1
"REDMI Note 13 Pro+ 5G (Fusion Black, 256 GB)  (12 GB RAM)","₹35,999",16% off,"₹29,999",4.2
"REDMI Note 11S (Polar White, 64 GB)  (6 GB RAM)","₹19,999",45% off,"₹10,990",4.1
"REDMI Note 13 Pro+ 5G (Fusion White, 256 GB)  (12 GB RAM)","₹35,999",16% off,"₹29,999",4.2
"REDMI A2 (Sea Green, 32 GB)  (2 GB RAM)","₹8,999",17% off,"₹7,380",4.1
"REDMI 13C (Starshine Green, 128 GB)  (6 GB RAM)","₹13,999",30% off,"₹9,790",4.2
"REDMI 12 (Jade Black, 128 GB)  (4 GB RAM)","₹14,999",34% off,"₹9,800",4.3
"REDMI A3 (Lake Blue, 128 GB)  (4 GB RAM)","₹10,999",22% off,"₹8,499",4.2
"REDMI Note 12 (Lunar Black, 64 GB)  (6 GB RAM)","₹18,999",39% off,"₹11,490",4.2
"REDMI Note 13 Pro+ 5G (World Champions Edition, 512 GB)  (12 GB RAM)","₹44,999",22% off,"₹34,999",4.2
"REDMI A2 (Sea Green, 64 GB)  (2 GB RAM)","₹9,999",40% off,"₹5,999",4.1
"REDMI Note 11S (Space Black, 64 GB)  (6 GB RAM)","₹19,999",25% off,"₹14,990",4.1
"REDMI Note 12 5G (Sunrise Gold, 128 GB)  (6 GB RAM)","₹21,999",22% off,"₹16,999",4.2
"REDMI 12 (Moonstone Silver, 128 GB)  (4 GB RAM)","₹14,999",36% off,"₹9,499",4.3
"REDMI 10 (Midnight Black, 64 GB)  (4 GB RAM)","₹14,999",46% off,"₹7,990",4.3
"REDMI Note 10 Pro (Vintage Bronze, 128 GB)  (6 GB RAM)","₹19,999",20% off,"₹15,999",4.3
"REDMI 10 (Pacific Blue, 64 GB)  (4 GB RAM)","₹14,999",50% off,"₹7,490",4.3
"REDMI Note 12 5G (Matte Black, 128 GB)  (6 GB RAM)","₹21,999",36% off,"₹13,990",4.2
"REDMI 10 (Caribbean Green, 64 GB)  (4 GB RAM)","₹14,999",46% off,"₹7,950",4.3
"REDMI Note 13 Pro+ 5G (Fusion Purple, 256 GB)  (12 GB RAM)","₹35,999",27% off,"₹26,222",4.2
"REDMI 12 5G (Pastel Blue, 128 GB)  (6 GB RAM)","₹17,999",27% off,"₹12,990",4.2
"REDMI A3 (Olive Green, 64 GB)  (3 GB RAM)","₹9,999",20% off,"₹7,999",4.1
"REDMI 10 (Caribbean Green, 64 GB)  (4 GB RAM)","₹14,999",48% off,"₹7,750",4.3
"REDMI Note 12 Pro 5G (Onyx Black, 256 GB)  (8 GB RAM)","₹31,999",40% off,"₹18,990",4.2
N/A,N/A,N/A,N/A,No Rating
"REDMI 9 Activ (Metallic Purple, 64 GB)  (4 GB RAM)","₹9,999",9% off,"₹9,099",4.2
"REDMI A3 (Midnight Black, 128 GB)  (4 GB RAM)","₹10,999",26% off,"₹8,065",4.2
"REDMI 12 5G (Moonstone Silver, 128 GB)  (6 GB RAM)","₹17,999",28% off,"₹12,950",4.2
"REDMI Note 12 5G (Sunrise Gold, 128 GB)  (6 GB RAM)","₹21,999",36% off,"₹13,980",4.2
"REDMI 11 Prime 5G (Meadow Green, 128 GB)  (6 GB RAM)","₹17,999",22% off,"₹13,890",4.2
"REDMI A3 (Olive Green, 64 GB)  (3 GB RAM)","₹9,999",25% off,"₹7,449",4.1
"REDMI Note 11 (Horizon Blue, 64 GB)  (4 GB RAM)","₹17,998",38% off,"₹10,999",4.2
"REDMI Note 11S (Space Black, 128 GB)  (6 GB RAM)","₹20,999",28% off,"₹14,990",4.1
"REDMI A1+ (Light Green, 32 GB)  (2 GB RAM)","₹9,999",19% off,"₹8,099",4.2
"REDMI Note 13 Pro+ 5G (Fusion White, 512 GB)  (12 GB RAM)","₹37,999",25% off,"₹28,249",4.2
"REDMI A1 (Black, 32 GB)  (2 GB RAM)","₹9,999",11% off,"₹8,899",4.2
"REDMI 12 (Pastel Blue, 128 GB)  (4 GB RAM)","₹14,999",38% off,"₹9,199",4.3
"REDMI 12 5G (Moonstone Silver, 128 GB)  (4 GB RAM)","₹15,999",25% off,"₹11,999",4.3
"REDMI A2+ (?Aqua Blue, 64 GB)  (4 GB RAM)","₹11,999",35% off,"₹7,799",4.1
"REDMI A2 (Classic Black, 64 GB)  (2 GB RAM)","₹9,999",40% off,"₹5,999",4.1
"REDMI 9i Sport (Coral Green, 64 GB)  (4 GB RAM)","₹9,999",21% off,"₹7,890",4.3
"REDMI A2 (Aqua Blue, 64 GB)  (4 GB RAM)","₹10,999",29% off,"₹7,799",4.2
"REDMI 12 5G (Moonstone Silver, 256 GB)  (8 GB RAM)","₹19,999",35% off,"₹12,999",4.2
"REDMI 12 5G (Pastel Blue, 128 GB)  (4 GB RAM)","₹15,999",25% off,"₹11,999",4.3
"REDMI Note 11 (Horizon Blue, 128 GB)  (6 GB RAM)","₹17,999",11% off,"₹15,999",4.2
"REDMI 12 5G (Jade Black, 256 GB)  (8 GB RAM)","₹19,999",35% off,"₹12,999",4.2
"REDMI 12 5G (Jade Black, 128 GB)  (4 GB RAM)","₹15,999",25% off,"₹11,999",4.3
"REDMI 10 (Midnight Black, 128 GB)  (6 GB RAM)","₹16,999",41% off,"₹9,990",4.2
"REDMI 12C (Lavender Purple, 128 GB)  (4 GB RAM)","₹14,999",40% off,"₹8,990",4.2
"REDMI Note 12 Pro 5G (Glacier Blue, 256 GB)  (12 GB RAM)","₹32,999",21% off,"₹25,999",4.2
"REDMI 10A (Charcoal Black, 64 GB)  (4 GB RAM)","₹11,999",12% off,"₹10,500",4.2
"REDMI Note 13 5G (Arctic White, 128 GB)  (6 GB RAM)","₹20,999",23% off,"₹15,999",4.2
"REDMI 12 (Moonstone Silver, 128 GB)  (4 GB RAM)","₹14,999",37% off,"₹9,400",4.3
"REDMI Note 11 (Horizon Blue, 64 GB)  (6 GB RAM)","₹18,999",36% off,"₹11,990",4.2
"REDMI Note 12 (Sunrise Gold, 64 GB)  (6 GB RAM)","₹18,999",34% off,"₹12,490",4.2
"REDMI A3 (Midnight Black, 128 GB)  (4 GB RAM)",N/A,10% off,"₹10,999",4.2
"REDMI A2 (Sea Green, 64 GB)  (2 GB RAM)","₹9,999",22% off,"₹7,760",4.1
"REDMI A2+ (Classic Black, 64 GB)  (4 GB RAM)","₹11,999",33% off,"₹7,928",4.1
"REDMI A2 (Aqua Blue, 32 GB)  (2 GB RAM)","₹8,999",18% off,"₹7,360",4.1
"REDMI Note 12 5G (Matte Black, 128 GB)  (4 GB RAM)","₹19,999",35% off,"₹12,999",3.9
"REDMI 13c 5G (Starlight Black, 128 GB)  (4 GB RAM)","₹13,999",32% off,"₹9,477",4.3
"REDMI Note 11S (Horizon Blue, 128 GB)  (6 GB RAM)","₹20,999",4% off,"₹19,998",4.1
"REDMI 12C (Matte Black, 128 GB)  (4 GB RAM)","₹14,999",40% off,"₹8,980",4.2
"REDMI 11 Prime 5G (Thunder Black, 64 GB)  (4 GB RAM)","₹15,999",31% off,"₹10,899",4.2
"(Refurbished) REDMI 12 (Jade Black, 128 GB)  (4 GB RAM)","₹11,499",33% off,"₹7,599",3.5
"REDMI 12C (Matte Black, 128 GB)  (6 GB RAM)","₹15,999",40% off,"₹9,495",4.1
"REDMI 10A (Slate Grey, 32 GB)  (3 GB RAM)","₹10,999",18% off,"₹8,999",4.1
"REDMI Note 12 5G (Matte Black, 128 GB)  (6 GB RAM)","₹21,999",29% off,"₹15,490",4.2
"REDMI Note 10T 5G (Mint Green, 128 GB)  (6 GB RAM)","₹18,999",26% off,"₹13,989",4.2
"REDMI Note 11 (Starburst White, 64 GB)  (6 GB RAM)","₹18,999",36% off,"₹11,990",4.2
"REDMI Note 10 Pro Max (Glacial Blue, 128 GB)  (6 GB RAM)",N/A,N/A,"₹22,999",4.3
"REDMI Note 10 Pro Max (Dark Nebula, 128 GB)  (6 GB RAM)","₹22,999",36% off,"₹14,699",4.3
"REDMI Note 12 Pro 5G (Stardust Purple, 128 GB)  (6 GB RAM)","₹27,999",32% off,"₹18,999",4.2
"REDMI Note 10S (Frost White, 128 GB)  (8 GB RAM)","₹20,999",28% off,"₹14,999",4.2
"REDMI 12C (Lavender Purple, 64 GB)  (4 GB RAM)","₹10,999",24% off,"₹8,295",4.2
"REDMI Note 13 Pro 5G (Midnight Black, 256 GB)  (12 GB RAM)","₹32,999",21% off,"₹25,999",4.3
"REDMI A2+ (Sea Green, 64 GB)  (4 GB RAM)","₹11,999",25% off,"₹8,999",4.1
"REDMI Note 12 5G (Matte Black, 128 GB)  (4 GB RAM)","₹19,999",35% off,"₹12,999",3.9
"REDMI Note 11 (Starburst White, 64 GB)  (4 GB RAM)","₹17,998",37% off,"₹11,290",4.2
"REDMI Note 11S (Horizon Blue, 64 GB)  (6 GB RAM)","₹18,999",42% off,"₹10,990",4.1
"REDMI Note 11T 5G (Stardust White, 128 GB)  (8 GB RAM)","₹22,999",19% off,"₹18,496",4.1
"REDMI Note 11S (Polar White, 128 GB)  (6 GB RAM)","₹20,999",37% off,"₹13,200",4.1
"REDMI 10A SPORT (SEA BLUE, 128 GB)  (6 GB RAM)","₹13,999",29% off,"₹9,899",4.1
"REDMI 12C (Lavender Purple, 128 GB)  (6 GB RAM)","₹15,999",40% off,"₹9,599",4.1
"REDMI Note 13 Pro 5G (Arctic White, 256 GB)  (12 GB RAM)","₹32,999",21% off,"₹25,999",4.3
"REDMI 11 Prime 5G (Thunder Black, 128 GB)  (6 GB RAM)","₹17,999",22% off,"₹13,990",4.2
"REDMI 10 (Shadow Black, 64 GB)  (4 GB RAM)","₹14,999",43% off,"₹8,490",4.3
"REDMI 10 Prime (Bifrost Blue, 128 GB)  (6 GB RAM)",N/A,30% off,"₹16,999",4.2
"REDMI 12C (Royal Blue, 128 GB)  (4 GB RAM)","₹14,999",33% off,"₹9,999",4.2
"REDMI Note 11s (Space Black, 128 GB)  (8 GB RAM)","₹21,999",40% off,"₹12,990",4.2
"REDMI 11 Prime (Playful Green, 128 GB)  (6 GB RAM)","₹16,999",35% off,"₹10,980",4.3
"REDMI Note 10 Lite (Glacier White, 128 GB)  (6 GB RAM)","₹19,999",31% off,"₹13,780",4.3
"REDMI 11 Prime 5G (Chrome Silver, 128 GB)  (6 GB RAM)","₹19,899",4% off,"₹18,999",4.2
"REDMI 10A (Charcoal Black, 32 GB)  (3 GB RAM)",N/A,10% off,"₹10,999",4.1
"REDMI A3 (Lake Blue, 64 GB)  (3 GB RAM)","₹9,999",21% off,"₹7,800",4.1
"REDMI Note 10 Pro Max (Dark Nebula, 128 GB)  (6 GB RAM)","₹22,999",36% off,"₹14,699",4.3
"REDMI 10A SPORT (SLATE GREY, 128 GB)  (6 GB RAM)","₹13,999",36% off,"₹8,890",4.1
"REDMI Note 13 5G (Prism Gold, 256 GB)  (8 GB RAM)","₹22,999",21% off,"₹17,999",4.2
"REDMI Note 13 Pro 5G (Arctic White, 256 GB)  (12 GB RAM)","₹32,999",21% off,"₹25,999",4.3
"REDMI 12C (Royal Blue, 64 GB)  (4 GB RAM)","₹10,999",19% off,"₹8,848",4.2
"REDMI Note 12 5G (Frosted Green, 128 GB)  (6 GB RAM)","₹21,999",22% off,"₹16,999",4.2
"(Refurbished) REDMI Note 9 Pro Max (Interstellar Black, 128 GB)  (6 GB RAM)","₹20,999",58% off,"₹8,699",2.5
"REDMI Note 11 (Starburst White, 128 GB)  (6 GB RAM)","₹21,899",4% off,"₹20,899",4.2
"REDMI 11 Prime 5G (Meadow Green, 64 GB)  (4 GB RAM)","₹15,999",12% off,"₹13,990",4.2
"REDMI 13 5G (Orchid Pink, 128 GB)  (6 GB RAM)","₹17,999",27% off,"₹12,999",4.2
"REDMI Note 12 5G (Mystique blue, 128 GB)  (6 GB RAM)","₹21,999",29% off,"₹15,499",4.2
"REDMI 10 (Pacific Blue, 128 GB)  (6 GB RAM)","₹16,999",38% off,"₹10,490",4.2
"REDMI 11 Prime 5G (Meadow Green, 64 GB)  (4 GB RAM)","₹16,999",17% off,"₹13,990",4.2
"REDMI Note 12 (Ice Blue, 64 GB)  (6 GB RAM)","₹18,999",31% off,"₹12,990",4.2
"REDMI 11 Prime (Flashy Black, 128 GB)  (6 GB RAM)","₹16,999",33% off,"₹11,290",4.3
"REDMI 11 Prime (Playful Green, 64 GB)  (4 GB RAM)","₹14,999",38% off,"₹9,290",4.2
"REDMI Note 13 5G (Prism Gold, 256 GB)  (8 GB RAM)","₹22,999",21% off,"₹17,999",4.2
"REDMI Note 12 (Ice Blue, 64 GB)  (6 GB RAM)","₹18,999",31% off,"₹12,990",4.2
"REDMI Note 12 5G (Mystique Blue, 128 GB)  (4 GB RAM)","₹19,999",34% off,"₹13,185",3.9
"REDMI Note 10S (Frost White, 64 GB)  (6 GB RAM)","₹16,999",22% off,"₹13,100",4.4
"REDMI 11 Prime (Playful Green, 64 GB)  (4 GB RAM)","₹14,999",38% off,"₹9,290",4.2
"REDMI Note 13 Pro+ 5G (Fusion Black, 256 GB)  (8 GB RAM)","₹33,999",17% off,"₹27,999",4.2
"REDMI 9i Sport (Metallic Blue, 64 GB)  (4 GB RAM)","₹9,999",10% off,"₹8,999",4.3
"REDMI Note 10 Lite (Glacier White, 128 GB)  (6 GB RAM)","₹19,999",31% off,"₹13,780",4.3
"REDMI Note 13 Pro 5G (Scarlet Red, 256 GB)  (8 GB RAM)","₹30,999",19% off,"₹24,999",4.3
"REDMI 10 (Sunrise Orange, 64 GB)  (4 GB RAM)","₹14,999",21% off,"₹11,849",4.3
"REDMI Note 12 Pro 5G (Glacier Blue, 128 GB)  (6 GB RAM)","₹27,999",32% off,"₹18,890",4.2
"REDMI Note 10T 5G (Mint Green, 64 GB)  (4 GB RAM)","₹16,999",28% off,"₹12,142",4.3
"REDMI Note 12 Pro 5G (Glacier Blue, 256 GB)  (8 GB RAM)","₹31,999",28% off,"₹22,990",4.2
"REDMI Note 13 Pro 5G (Scarlet Red, 128 GB)  (8 GB RAM)","₹28,999",25% off,"₹21,700",4.3
"REDMI Note 12 5G (Matte Black, 128 GB)  (4 GB RAM)","₹19,999",38% off,"₹12,399",3.9
"REDMI 9 Power (Blazing Blue, 64 GB)  (4 GB RAM)","₹13,999",32% off,"₹9,390",4.3
"REDMI 11 Prime (Peppy Purple, 64 GB)  (4 GB RAM)","₹14,999",37% off,"₹9,449",4.2
"REDMI Note 12 5G (Frosted Green, 128 GB)  (4 GB RAM)","₹19,999",22% off,"₹15,499",3.9
"REDMI 9i Sport (Carbon Black, 64 GB)  (4 GB RAM)","₹9,999",25% off,"₹7,490",4.3
"REDMI A1+ (Light Blue, 32 GB)  (3 GB RAM)","₹10,999",22% off,"₹8,499",4.1
"REDMI Note 9 (Arctic White, 128 GB)  (4 GB RAM)","₹16,499",12% off,"₹14,499",4.3
"REDMI A2 (Classic Black, 64 GB)  (2 GB RAM)","₹9,999",20% off,"₹7,990",4.1
"REDMI 13 5G (Hawaiian Blue, 128 GB)  (6 GB RAM)","₹17,999",25% off,"₹13,499",4.2
"REDMI Note 10 Lite (Interstellar Black, 128 GB)  (4 GB RAM)","₹17,999",20% off,"₹14,290",4.3
"REDMI A2 (Classic Black, 64 GB)  (2 GB RAM)","₹9,999",20% off,"₹7,990",4.1
"REDMI 13 5G (Hawaiian Blue, 128 GB)  (6 GB RAM)","₹17,999",25% off,"₹13,499",4.2
"REDMI Note 11 SE (Bifrost Blue, 64 GB)  (6 GB RAM)","₹16,999",17% off,"₹13,999",4.3
"REDMI Note 12 Pro+ 5G (Iceberg Blue, 256 GB)  (8 GB RAM)","₹33,999",17% off,"₹27,999",4.2
"REDMI Note 13 5G (Stealth Black, 128 GB)  (6 GB RAM)","₹20,999",23% off,"₹15,999",4.2
"REDMI 11 Prime 5G (Meadow Green, 128 GB)  (6 GB RAM)","₹17,999",20% off,"₹14,249",4.2
"REDMI Note 10T 5G (Metallic Blue, 64 GB)  (4 GB RAM)","₹16,951",29% off,"₹11,999",4.3
"REDMI Note 12 5G (Frosted Green, 128 GB)  (6 GB RAM)","₹21,999",29% off,"₹15,490",4.2
"REDMI 11 Prime (Flashy Black, 64 GB)  (4 GB RAM)","₹14,999",43% off,"₹8,489",4.2
"REDMI Note 12 (Ice Blue, 128 GB)  (6 GB RAM)","₹20,999",38% off,"₹12,990",4.2
"REDMI Note 13 Pro+ 5G (Fusion Purple, 256 GB)  (12 GB RAM)","₹35,999",16% off,"₹29,999",4.2
"REDMI 12 (Moonstone Silver, 128 GB)  (6 GB RAM)","₹15,999",41% off,"₹9,300",4.2
"REDMI 9i (Midnight Black, 64 GB)  (4 GB RAM)","₹9,999",10% off,"₹8,999",4.3
"REDMI NOTE 10 LITE (Glacier White, 64 GB)  (4 GB RAM)","₹16,999",32% off,"₹11,490",4.3
"REDMI Note 12 5G (Mystique Blue, 128 GB)  (4 GB RAM)","₹19,999",27% off,"₹14,499",3.9
"REDMI 10A (Sea Blue, 32 GB)  (3 GB RAM)",N/A,10% off,"₹10,999",4.1
"REDMI 11 Prime (Peppy Purple, 64 GB)  (4 GB RAM)","₹14,999",33% off,"₹9,990",4.2
"REDMI 11 Prime (Flashy Black, 64 GB)  (4 GB RAM)","₹14,999",36% off,"₹9,450",4.2
"REDMI 11 Prime (Peppy Purple, 64 GB)  (4 GB RAM)","₹12,999",35% off,"₹8,380",4.2
"REDMI Note 12 Pro 5G (Onyx Black, 128 GB)  (8 GB RAM)","₹31,999",25% off,"₹23,990",4.2
"REDMI Note 11T 5G (Matte black, 128 GB)  (8 GB RAM)","₹22,999",19% off,"₹18,490",4.1
"REDMI Note 12 Pro 5G (Stardust Purple, 128 GB)  (8 GB RAM)","₹29,999",20% off,"₹23,990",4.2
"REDMI 12 5G (Pastel Blue, 256 GB)  (8 GB RAM)","₹19,999",29% off,"₹14,000",4.2
"REDMI Note 11T 5G (Stardust White, 128 GB)  (6 GB RAM)","₹23,899",8% off,"₹21,899",4.2
"REDMI 11 Prime 5G (Thunder Black, 64 GB)  (4 GB RAM)","₹14,999",23% off,"₹11,495",4.2
"REDMI Note 10 Pro (Glacial Blue, 128 GB)  (6 GB RAM)","₹19,999",15% off,"₹16,990",4.3
"REDMI 9 Prime (Space Blue, 64 GB)  (4 GB RAM)",N/A,62% off,"₹11,999",4.4
"REDMI 9i (Nature Green, 64 GB)  (4 GB RAM)","₹9,999",16% off,"₹8,390",4.3
"REDMI 9 Power (Electric Green, 128 GB)  (6 GB RAM)",N/A,30% off,"₹16,999",4.3
"REDMI Note 10T 5G (Chromium White, 64 GB)  (4 GB RAM)","₹15,999",6% off,"₹14,999",4.3
"REDMI A3 (Olive Green, 128 GB)  (4 GB RAM)","₹10,999",18% off,"₹8,990",4.2
"REDMI Note 12 Pro 5G (Stardust Purple, 256 GB)  (12 GB RAM)","₹32,999",21% off,"₹25,999",4.2
"REDMI 12C (Mint Green, 128 GB)  (6 GB RAM)","₹14,999",33% off,"₹9,901",4.1
"REDMI Note 12 (Sunrise Gold, 64 GB)  (6 GB RAM)","₹18,999",35% off,"₹12,289",4.2
"REDMI Note 10S (Cosmic Purple, 128 GB)  (8 GB RAM)","₹20,999",11% off,"₹18,499",4.2
"REDMI Note 10S (Frost White, 128 GB)  (6 GB RAM)","₹18,999",26% off,"₹13,990",4.4
"REDMI Note 10S (Deep Sea Blue, 128 GB)  (8 GB RAM)","₹20,999",11% off,"₹18,499",4.2
"REDMI 9 Prime (Matte Black, 64 GB)  (4 GB RAM)",N/A,62% off,"₹11,999",4.4
"REDMI A2 (Sea Green, 64 GB)  (4 GB RAM)","₹10,999",24% off,"₹8,250",4.2
"REDMI Note 11T 5G (Matte black, 128 GB)  (8 GB RAM)","₹25,000",16% off,"₹20,999",4.1
"REDMI Note 12 5G (Matte Black, 256 GB)  (8 GB RAM)","₹23,999",29% off,"₹16,990",4.1
"(Refurbished) REDMI Note 12 Pro 5G (Onyx Black, 128 GB)  (6 GB RAM)","₹27,999",41% off,"₹16,499",3.5
"REDMI Note 12 5G (Sunrise Gold, 256 GB)  (8 GB RAM)","₹23,999",20% off,"₹18,999",4.1
"REDMI 11 Prime (Peppy Purple, 128 GB)  (6 GB RAM)","₹16,999",35% off,"₹10,980",4.3
"REDMI Note 12 (Lunar Black, 128 GB)  (6 GB RAM)","₹20,999",38% off,"₹12,990",4.2
"(Refurbished) REDMI Note 12 Pro 5G (Glacier Blue, 128 GB)  (6 GB RAM)","₹24,999",34% off,"₹16,499",3.5
"REDMI Note 12 (Ice Blue, 64 GB)  (6 GB RAM)","₹18,999",36% off,"₹11,990",4.2
"REDMI Note 12 5G (Mystique Blue, 128 GB)  (6 GB RAM)","₹21,999",18% off,"₹17,999",4.2
"REDMI Note 12 5G (Sunrise Gold, 256 GB)  (8 GB RAM)","₹23,999",20% off,"₹18,999",4.1
"REDMI 11 Prime (Peppy Purple, 128 GB)  (6 GB RAM)","₹16,999",35% off,"₹10,980",4.3
"(Refurbished) REDMI Note 12 Pro 5G (Glacier Blue, 128 GB)  (6 GB RAM)","₹24,999",34% off,"₹16,499",3.5
"REDMI Note 12 (Ice Blue, 64 GB)  (6 GB RAM)","₹18,999",36% off,"₹11,990",4.2
"REDMI Note 12 5G (Mystique Blue, 128 GB)  (6 GB RAM)","₹21,999",18% off,"₹17,999",4.2
"REDMI 11 Prime (Peppy Purple, 128 GB)  (6 GB RAM)","₹14,999",26% off,"₹10,980",4.3
"REDMI 10 Prime 2022 (Bifrost Blue, 128 GB)  (4 GB RAM)",N/A,N/A,"₹16,999",4.2
"REDMI Note 11T 5G (Aquamarine Blue, 128 GB)  (8 GB RAM)",N/A,N/A,"₹22,999",4.1
"REDMI Note 12 (Lunar Black, 128 GB)  (6 GB RAM)","₹20,999",38% off,"₹12,990",4.2
"REDMI Note 9 (Aqua Green, 128 GB)  (6 GB RAM)",N/A,N/A,"₹18,999",4.3
"REDMI Note 12 Pro+ 5G (Arctic White, 256 GB)  (8 GB RAM)","₹33,999",17% off,"₹27,999",4.2
"REDMI 9 Power (Fiery Red, 128 GB)  (4 GB RAM)",N/A,N/A,"₹15,999",4.3
"REDMI Note 8 Pro (Electric Blue, 64 GB)  (6 GB RAM)",N/A,30% off,"₹16,999",4.5
"REDMI 10 Prime 2022 (Phantom Black, 128 GB)  (4 GB RAM)",N/A,N/A,"₹16,999",4.2
"REDMI 13C 5G (Starlight Black, 128 GB)  (6 GB RAM)","₹15,999",28% off,"₹11,499",4.2
"REDMI Note 12 Pro+ 5G (Obsidian Black, 256 GB)  (12 GB RAM)","₹36,999",16% off,"₹30,999",4.2
"REDMI Note 12 Pro 5G (Onyx Black, 128 GB)  (6 GB RAM)","₹27,999",28% off,"₹19,990",4.2
"REDMI Note 10S (Shadow Black, 128 GB)  (6 GB RAM)","₹18,999",21% off,"₹14,990",4.4
"REDMI Note 10 Pro (Glacial Blue, 128 GB)  (6 GB RAM)","₹19,999",14% off,"₹17,010",4.3
"REDMI Note 11 SE (Thunder Purple, 64 GB)  (6 GB RAM)","₹16,999",17% off,"₹13,999",4.3
"REDMI K50i 5G (Quick Silver, 128 GB)  (6 GB RAM)",N/A,N/A,"₹31,999",4.2
"REDMI 8A Dual (Sky White, 32 GB)  (2 GB RAM)",N/A,N/A,"₹8,999",4.3
"REDMI Note 13 Pro 5G (Arctic White, 256 GB)  (8 GB RAM)","₹30,999",19% off,"₹24,999",4.3
"REDMI 13C (Starshine Green, 256 GB)  (8 GB RAM)","₹15,999",31% off,"₹10,999",4.1
"REDMI Note 10 (Aqua Green, 128 GB)  (6 GB RAM)","₹17,999",26% off,"₹13,198",4.3
"REDMI 12 5G (Pastel Blue, 128 GB)  (4 GB RAM)","₹15,999",30% off,"₹11,050",4.3
"REDMI 9 Activ (Carbon Black, 64 GB)  (4 GB RAM)","₹10,999",30% off,"₹7,694",4.2
"REDMI Note 12 Pro 5G (Glacier Blue, 256 GB)  (8 GB RAM)","₹31,999",36% off,"₹20,239",4.2
"REDMI 10A (Slate Grey, 32 GB)  (3 GB RAM)","₹10,999",31% off,"₹7,569",4.1
"REDMI 13C (Starshine Green, 256 GB)  (8 GB RAM)","₹15,999",34% off,"₹10,499",4.1
"(Refurbished) REDMI 11 Prime (Playful Green, 128 GB)  (6 GB RAM)","₹13,999",54% off,"₹6,399",3.5
"REDMI A2 (Sea Green, 64 GB)  (4 GB RAM)","₹10,999",36% off,"₹6,999",4.2
"REDMI Note 10 (Frost White, 64 GB)  (4 GB RAM)","₹15,999",18% off,"₹12,980",4.3
"REDMI A3 (Lake Blue, 128 GB)  (4 GB RAM)","₹10,999",27% off,"₹7,985",4.2
"REDMI Note 10S (Deep Sea Blue, 64 GB)  (6 GB RAM)","₹16,999",11% off,"₹14,999",4.4
"REDMI 10A (Sea Blue, 64 GB)  (4 GB RAM)","₹11,999",33% off,"₹7,999",4.2
"REDMI 13C (Starfrost White, 128 GB)  (6 GB RAM)","₹13,999",32% off,"₹9,486",4.2
"REDMI Note 9 (Shadow Black, 128 GB)  (4 GB RAM)",N/A,N/A,"₹16,499",4.3
"REDMI Note 11S (Polar White, 128 GB)  (8 GB RAM)","₹21,999",41% off,"₹12,967",4.2
"REDMI 9 Activ (Coral Green, 64 GB)  (4 GB RAM)","₹10,999",18% off,"₹8,999",4.2
"REDMI 12 5G (Jade Black, 128 GB)  (4 GB RAM)","₹15,999",31% off,"₹10,900",4.3
"REDMI Note 10 (Shadow Black, 64 GB)  (4 GB RAM)","₹15,999",33% off,"₹10,699",4.3
"REDMI 12 5G (Moonstone Silver, 128 GB)  (4 GB RAM)","₹15,999",21% off,"₹12,490",4.3
"REDMI 13C (Stardust Black, 256 GB)  (8 GB RAM)","₹15,999",34% off,"₹10,499",4.1
"(Refurbished) REDMI A2 (Sea Green, 64 GB)  (2 GB RAM)","₹5,499",27% off,"₹3,999",3.5
"REDMI 10 Prime 2022 (Bifrost Blue, 64 GB)  (4 GB RAM)","₹14,999",33% off,"₹9,990",4.2
"REDMI NOTE 10 LITE (Champagne Gold, 64 GB)  (4 GB RAM)","₹14,989",3% off,"₹14,489",4.3
"REDMI A1+ (Light Blue, 32 GB)  (2 GB RAM)","₹9,999",25% off,"₹7,499",4.2
"REDMI 12 5G (Moonstone Silver, 128 GB)  (4 GB RAM)","₹15,999",21% off,"₹12,490",4.3
"REDMI 13C (Stardust Black, 256 GB)  (8 GB RAM)","₹15,999",34% off,"₹10,499",4.1
"REDMI 11 Prime (Flashy Black, 128 GB)  (6 GB RAM)","₹16,999",47% off,"₹8,990",4.3
"(Refurbished) REDMI A2 (Sea Green, 64 GB)  (2 GB RAM)","₹5,499",27% off,"₹3,999",3.5
"REDMI Note 9 (Aqua Green, 64 GB)  (4 GB RAM)",N/A,55% off,"₹14,999",4.3
"REDMI Note 9 (Pebble Grey, 64 GB)  (4 GB RAM)",N/A,55% off,"₹14,999",4.3
"REDMI 10 Prime 2022 (Bifrost Blue, 64 GB)  (4 GB RAM)","₹14,999",33% off,"₹9,990",4.2
"(Refurbished) REDMI A2 (Aqua Blue, 32 GB)  (2 GB RAM)","₹8,999",52% off,"₹4,299",3.5
"REDMI Note 11S (Horizon Blue, 128 GB)  (6 GB RAM)","₹20,999",4% off,"₹19,998",4.1
"REDMI Note 9 (Pebble Grey, 128 GB)  (4 GB RAM)",N/A,N/A,"₹16,499",4.3
"(Refurbished) REDMI Note 12 Pro+ 5G (Arctic White, 256 GB)  (8 GB RAM)","₹33,999",46% off,"₹18,099",3.5
"REDMI Note 10 Pro (Vintage Bronze, 64 GB)  (6 GB RAM)","₹17,999",2% off,"₹17,638",4.3
"REDMI Note 10 Pro (Dark Night, 64 GB)  (6 GB RAM)",N/A,N/A,"₹17,989",4.3
"REDMI NOTE 10 LITE (Champagne Gold, 64 GB)  (4 GB RAM)","₹14,989",3% off,"₹14,489",4.3
"REDMI A2 (Classic Black, 32 GB)  (2 GB RAM)",N/A,N/A,"₹8,999",4.1
"REDMI K50i 5G (Quick Silver, 256 GB)  (8 GB RAM)",N/A,20% off,"₹35,999",4.2
"REDMI NOTE 10 LITE (Aurora Blue, 128 GB)  (6 GB RAM)","₹16,999",35% off,"₹10,899",4.3
"(Refurbished) REDMI Note 12 Pro+ 5G (Arctic White, 256 GB)  (12 GB RAM)","₹26,999",28% off,"₹19,299",3.5
"REDMI Note 11 SE (Cosmic White, 64 GB)  (6 GB RAM)","₹16,999",11% off,"₹14,999",4.3
"REDMI Note 11T 5G (Stardust White, 128 GB)  (6 GB RAM)","₹20,999",23% off,"₹15,999",4.2
"REDMI NOTE 10 LITE (Aurora Blue, 128 GB)  (4 GB RAM)","₹17,999",26% off,"₹13,299",4.3
"(Refurbished) REDMI Note 11T 5G (Stardust White, 128 GB)  (6 GB RAM)","₹20,999",44% off,"₹11,699",3.5
"REDMI NOTE 10 LITE (Champagne Gold, 128 GB)  (6 GB RAM)","₹19,999",31% off,"₹13,790",4.3
"REDMI Note 11S (Horizon Blue, 128 GB)  (8 GB RAM)","₹20,999",38% off,"₹12,999",4.2
"REDMI NOTE 10 LITE (Champagne Gold, 128 GB)  (4 GB RAM)","₹17,999",22% off,"₹13,990",4.3
"REDMI Note 11S (Horizon Blue, 128 GB)  (8 GB RAM)","₹20,999",38% off,"₹12,999",4.2
"(Refurbished) REDMI 12C (Mint Green, 64 GB)  (4 GB RAM)","₹6,999",28% off,"₹4,999",3.5
"REDMI 13C (Starfrost White, 256 GB)  (8 GB RAM)","₹15,999",34% off,"₹10,499",4.1
"REDMI A1+ (Black, 32 GB)  (3 GB RAM)","₹10,999",22% off,"₹8,499",4.1
"REDMI Note 12 Pro+ 5G (Obsidian Black, 256 GB)  (8 GB RAM)","₹33,999",14% off,"₹28,990",4.2
"REDMI 9 Prime (Mint Green, 64 GB)  (4 GB RAM)",N/A,62% off,"₹11,999",4.4
"REDMI Note 9 (Aqua Green, 128 GB)  (4 GB RAM)",N/A,N/A,"₹16,499",4.3
"REDMI 9 Activ (Metallic Purple, 128 GB)  (6 GB RAM)",N/A,55% off,"₹12,999",4.2
"REDMI Note 12 Pro 5G (Onyx Black, 256 GB)  (12 GB RAM)","₹32,999",21% off,"₹25,999",4.2
"REDMI 9 Power (Blazing Blue, 128 GB)  (6 GB RAM)",N/A,30% off,"₹16,999",4.3
"REDMI 11 Prime 5G (Chrome Silver, 64 GB)  (4 GB RAM)",N/A,N/A,"₹15,999",4.2
"REDMI Note 12 Pro 5G (Stardust Purple, 256 GB)  (8 GB RAM)","₹31,999",25% off,"₹23,999",4.2
"REDMI Note 12 (Lunar Black, 64 GB)  (6 GB RAM)","₹18,999",34% off,"₹12,490",4.2
"REDMI Note 12 5G (Sunrise Gold, 128 GB)  (4 GB RAM)","₹19,999",30% off,"₹13,999",3.9
"REDMI Note 10 Pro (Vintage Bronze, 128 GB)  (6 GB RAM)",N/A,33% off,"₹19,999",4.3
"REDMI Note 10 Pro (Dark Night, 128 GB)  (6 GB RAM)",N/A,33% off,"₹19,999",4.3
"REDMI 10A (Slate Grey, 32 GB)  (3 GB RAM)","₹10,999",18% off,"₹8,999",4.1
"REDMI Note 10 Pro Max (Vintage Bronze, 128 GB)  (8 GB RAM)",N/A,N/A,"₹24,499",4.3
"REDMI 9 Power (Fiery Red, 64 GB)  (4 GB RAM)",N/A,55% off,"₹13,999",4.3
"(Refurbished) REDMI 12C (Mint Green, 128 GB)  (6 GB RAM)","₹8,999",24% off,"₹6,799",3.5
"REDMI A2+ (Sea Green, 32 GB)  (2 GB RAM)",N/A,N/A,"₹9,999",4.4
"REDMI A2+ (Classic Black, 32 GB)  (2 GB RAM)","₹9,999",N/A,"₹9,990",4.4
"REDMI Note 10S (Cosmic Purple, 64 GB)  (6 GB RAM)","₹16,999",11% off,"₹14,999",4.4
"REDMI Note 10S (Cosmic Purple, 64 GB)  (6 GB RAM)","₹16,999",11% off,"₹14,999",4.4
"REDMI Note 10S (Deep Sea Blue, 128 GB)  (6 GB RAM)","₹18,999",13% off,"₹16,499",4.4
"REDMI Note 10T 5G (Graphite Black, 128 GB)  (6 GB RAM)","₹18,999",10% off,"₹16,999",4.2
"REDMI Note 9 (Scarlet Red, 128 GB)  (4 GB RAM)",N/A,N/A,"₹13,890",4.3
"REDMI Note 10 Pro (Vintage Bronze, 128 GB)  (8 GB RAM)",N/A,N/A,"₹20,729",4.3
"(Refurbished) REDMI Note 10 Pro (Dark Nebula, 128 GB)  (6 GB RAM)","₹23,999",53% off,"₹11,099",3.5
"REDMI A2 (Classic Black, 64 GB)  (4 GB RAM)","₹10,999",33% off,"₹7,299",4.2
"REDMI Note 9 (Scarlet Red, 64 GB)  (4 GB RAM)","₹14,999",33% off,"₹9,996",4.3
"REDMI K50i 5G (Stealth Black, 256 GB)  (8 GB RAM)",N/A,20% off,"₹35,999",4.2
"(Refurbished) REDMI Note 12 (Sunrise Gold, 64 GB)  (6 GB RAM)","₹18,999",50% off,"₹9,499",3.5
"REDMI Note 12 (Sunrise Gold, 128 GB)  (6 GB RAM)","₹20,999",33% off,"₹13,999",4.2
"REDMI Note 10T 5G (Metallic Blue, 128 GB)  (6 GB RAM)","₹18,999",10% off,"₹16,999",4.2
Peace Mi4  (Gold+Black),"₹1,499",23% off,"₹1,149",3.3
"REDMI 9 Prime (Matte Black, 128 GB)  (4 GB RAM)",N/A,55% off,"₹13,999",4.4
"REDMI Note 11 SE (Space Black, 64 GB)  (6 GB RAM)",N/A,30% off,"₹16,999",4.3
"REDMI Note 9 (Arctic White, 64 GB)  (4 GB RAM)",N/A,55% off,"₹14,999",4.3
"(Refurbished) REDMI Note 12 Pro 5G (Stardust Purple, 128 GB)  (6 GB RAM)","₹27,999",41% off,"₹16,499",3.5
"REDMI Note 10T 5G (Graphite Black, 64 GB)  (4 GB RAM)","₹16,999",11% off,"₹14,999",4.3
"REDMI Note 9 (Shadow Black, 64 GB)  (4 GB RAM)",N/A,55% off,"₹14,999",4.3
"REDMI A2+ (Aqua Blue, 32 GB)  (2 GB RAM)",N/A,N/A,"₹9,999",4.1
"REDMI Note 12 Pro+ 5G (Arctic White, 256 GB)  (12 GB RAM)","₹36,999",16% off,"₹30,999",4.2
"REDMI 9i (Midnight Black, 128 GB)  (4 GB RAM)","₹10,999",15% off,"₹9,299",4.3
"REDMI 9 Activ (Carbon Black, 128 GB)  (6 GB RAM)",N/A,55% off,"₹12,999",4.2
"REDMI 9 Activ (Coral Green, 128 GB)  (6 GB RAM)",N/A,55% off,"₹12,999",4.2
"REDMI Note 10S (Cosmic Purple, 128 GB)  (6 GB RAM)","₹18,999",13% off,"₹16,499",4.4
"REDMI Note 11T 5G (Aquamarine Blue, 128 GB)  (8 GB RAM)","₹22,999",34% off,"₹14,999",4.1
"REDMI Note 10 (Aqua Green, 64 GB)  (4 GB RAM)","₹16,999",39% off,"₹10,259",4.3
"REDMI Note 10 Pro (Dark Nebula, 128 GB)  (6 GB RAM)",N/A,33% off,"₹19,999",4.3
"REDMI Note 9 Pro Max (Interstellar Black, 64 GB)  (6 GB RAM)",N/A,33% off,"₹18,999",4.4
"REDMI Note 12 5G (Sunrise Gold, 128 GB)  (4 GB RAM)","₹19,999",22% off,"₹15,499",3.9
"REDMI Note 10T 5G (Chromium White, 128 GB)  (6 GB RAM)","₹18,999",10% off,"₹16,999",4.2
"REDMI 13C (Stardust Black, 256 GB)  (8 GB RAM)","₹15,999",31% off,"₹10,999",4.1
"REDMI 9 Activ (Carbon Black, 64 GB)  (4 GB RAM)",N/A,N/A,"₹8,299",4.2
"REDMI 9 Prime (Sunrise Flare, 64 GB)  (4 GB RAM)",N/A,62% off,"₹11,999",4.4
"REDMI 8A Dual (Midnight Grey, 32 GB)  (2 GB RAM)",N/A,50% off,"₹8,499",4.3
"REDMI 9 Prime (Sunrise Flare, 128 GB)  (4 GB RAM)",N/A,N/A,"₹13,999",4.4
"REDMI Note 9 (Shadow Black, 128 GB)  (6 GB RAM)",N/A,33% off,"₹18,999",4.3
"REDMI 9i (Sea Blue, 128 GB)  (4 GB RAM)","₹10,999",15% off,"₹9,299",4.3
"REDMI Note 9 Pro Max (Glacier White, 128 GB)  (6 GB RAM)",N/A,20% off,"₹20,999",4.4
"REDMI Note 9 Pro Max (Champagne Gold, 64 GB)  (6 GB RAM)",N/A,33% off,"₹18,999",4.4
"(Refurbished) REDMI A1+ (Light Green, 32 GB)  (3 GB RAM)","₹9,999",51% off,"₹4,899",3.5
"REDMI 9 Power (Mighty Black, 64 GB)  (4 GB RAM)",N/A,55% off,"₹13,999",4.3
"REDMI Note 10 Pro Max (Vintage Bronze, 128 GB)  (6 GB RAM)",N/A,23% off,"₹22,999",4.3
"REDMI 12C (Royal Blue, 128 GB)  (6 GB RAM)","₹15,999",41% off,"₹9,299",4.1
"REDMI Note 12 5G (Mystique Blue, 128 GB)  (6 GB RAM)","₹21,999",27% off,"₹15,999",4.2
"(Refurbished) REDMI Note 12 5G (Sunrise Gold, 128 GB)  (6 GB RAM)","₹21,999",45% off,"₹11,999",3.5
"(Refurbished) REDMI 12 5G (Jade Black, 256 GB)  (8 GB RAM)","₹17,999",41% off,"₹10,499",3.5
"(Refurbished) REDMI Note 12 (Lunar Black, 128 GB)  (6 GB RAM)","₹18,999",47% off,"₹9,999",3.5
"(Refurbished) REDMI 11 Prime (Peppy Purple, 64 GB)  (4 GB RAM)","₹14,999",53% off,"₹6,999",3.5
"(Refurbished) REDMI 10 (Sunrise Orange, 64 GB)  (4 GB RAM)","₹12,999",50% off,"₹6,499",3.5
"REDMI 10 Prime 2022 (Bifrost Blue, 128 GB)  (4 GB RAM)","₹16,936",35% off,"₹10,999",4.2
"(Refurbished) REDMI Note 11 SE (Cosmic White, 64 GB)  (6 GB RAM)","₹19,999",60% off,"₹7,999",3.5
"(Refurbished) REDMI Note 10T 5G (Mint Green, 64 GB)  (4 GB RAM)","₹18,999",47% off,"₹9,999",3.5
"(Refurbished) REDMI Note 11 SE (Bifrost Blue, 64 GB)  (6 GB RAM)","₹18,999",57% off,"₹7,999",3.5
"(Refurbished) REDMI Note 12 (Ice Blue, 64 GB)  (6 GB RAM)","₹18,999",50% off,"₹9,499",3.5
"REDMI Note 10S (Deep Sea Blue, 64 GB)  (6 GB RAM)","₹16,999",23% off,"₹12,990",4.4
"REDMI Note 9 (Scarlet Red, 128 GB)  (6 GB RAM)",N/A,N/A,"₹18,999",4.3
"REDMI Note 10S (Cosmic Purple, 64 GB)  (6 GB RAM)","₹13,999",7% off,"₹12,990",4.4
"REDMI 9 Power (Electric Green, 64 GB)  (4 GB RAM)",N/A,55% off,"₹13,999",4.3
"REDMI 9 Power (Mighty Black, 128 GB)  (4 GB RAM)",N/A,30% off,"₹15,999",4.3
"(Refurbished) REDMI Note 12 Pro+ 5G (Iceberg Blue, 256 GB)  (8 GB RAM)","₹29,999",33% off,"₹19,999",3.5
"REDMI 13C (Starfrost White, 256 GB)  (8 GB RAM)","₹15,999",31% off,"₹10,999",4.1
"REDMI 9 (CarbonBlack, 128 GB)  (4 GB RAM)",N/A,N/A,"₹10,390",4.2
"REDMI 9 Power (Mighty Black, 128 GB)  (6 GB RAM)",N/A,30% off,"₹16,999",4.3
"REDMI 9i (Nature Green, 128 GB)  (4 GB RAM)","₹10,999",15% off,"₹9,299",4.3
"REDMI 9 Prime (Space Blue, 128 GB)  (4 GB RAM)",N/A,N/A,"₹13,999",4.4
"REDMI Note 9 (Pebble Grey, 128 GB)  (6 GB RAM)",N/A,33% off,"₹18,999",4.3
"REDMI 9 Power (Electric Green, 128 GB)  (4 GB RAM)",N/A,30% off,"₹15,999",4.3
"REDMI 10 Prime 2022 (Astral White, 128 GB)  (4 GB RAM)",N/A,N/A,"₹11,799",4.2
"REDMI Note 8 Pro (Halo White, 128 GB)  (6 GB RAM)",N/A,33% off,"₹17,999",4.5
"REDMI Note 12 Pro+ 5G (Iceberg Blue, 256 GB)  (12 GB RAM)","₹36,999",16% off,"₹30,999",4.2
"REDMI Note 9 (Scarlet Red, 128 GB)  (4 GB RAM)",N/A,30% off,"₹16,499",4.3
